{"x": [0.01, 0.025050505050505052, 0.0401010101010101, 0.05515151515151515, 0.0702020202020202, 0.08525252525252525, 0.1003030303030303, 0.11535353535353535, 0.1304040404040404, 0.14545454545454545, 0.1605050505050505, 0.17555555555555558, 0.1906060606060606, 0.20565656565656565, 0.2207070707070707, 0.23575757575757578, 0.2508080808080808, 0.26585858585858585, 0.2809090909090909, 0.295959595959596, 0.311010101010101, 0.32606060606060605, 0.34111111111111114, 0.3561616161616162, 0.3712121212121212, 0.38626262626262625, 0.4013131313131313, 0.4163636363636364, 0.4314141414141414, 0.44646464646464645, 0.46151515151515154, 0.4765656565656566, 0.4916161616161616, 0.5066666666666666, 0.5217171717171717, 0.5367676767676768, 0.5518181818181818, 0.5668686868686869, 0.581919191919192, 0.5969696969696969, 0.612020202020202, 0.6270707070707071, 0.6421212121212121, 0.6571717171717172, 0.6722222222222223, 0.6872727272727273, 0.7023232323232323, 0.7173737373737373, 0.7324242424242424, 0.7474747474747475, 0.7625252525252525, 0.7775757575757576, 0.7926262626262626, 0.8076767676767677, 0.8227272727272728, 0.8377777777777777, 0.8528282828282828, 0.8678787878787879, 0.8829292929292929, 0.897979797979798, 0.9130303030303031, 0.9280808080808081, 0.9431313131313132, 0.9581818181818181, 0.9732323232323232, 0.9882828282828283, 1.0033333333333332, 1.0183838383838384, 1.0334343434343434, 1.0484848484848486, 1.0635353535353536, 1.0785858585858585, 1.0936363636363635, 1.1086868686868687, 1.1237373737373737, 1.1387878787878787, 1.1538383838383839, 1.1688888888888889, 1.1839393939393938, 1.198989898989899, 1.214040404040404, 1.229090909090909, 1.2441414141414142, 1.2591919191919192, 1.2742424242424242, 1.2892929292929294, 1.3043434343434344, 1.3193939393939393, 1.3344444444444445, 1.3494949494949495, 1.3645454545454545, 1.3795959595959595, 1.3946464646464647, 1.4096969696969697, 1.4247474747474747, 1.4397979797979799, 1.4548484848484848, 1.4698989898989898, 1.484949494949495, 1.5], "y": [-0.16055570477719486, -0.15962594551137751, -0.15869171787500397, -0.15776861792357827, -0.15685157173119382, -0.155937417742119, -0.15503583393733225, -0.15413603136318813, -0.15323809278861564, -0.15234907589799218, -0.15146742442857566, -0.15059250848806902, -0.1497197414696893, -0.14885180568025635, -0.1479936416988484, -0.14713814538114875, -0.14628841062193462, -0.1454459697972412, -0.14460881629481784, -0.14377564409564092, -0.14295099827989538, -0.14212860374813738, -0.1413138532786305, -0.1405056798122125, -0.13970232606899485, -0.13890206647282552, -0.1381099398356343, -0.13732376718553443, -0.1365429056530623, -0.13576733411413971, -0.13499698519898712, -0.1342315279218279, -0.13347147042594715, -0.13271732081357474, -0.13196904647383348, -0.1312262971870662, -0.13048894606213998, -0.1297569535457265, -0.12903029777206415, -0.12830896343090675, -0.1275929494462655, -0.1268823156424709, -0.1261772381880454, -0.1254776674836346, -0.12478335738331914, -0.12409402574367003, -0.12340972446715465, -0.12273048858505389, -0.12205627569316274, -0.12138703367757471, -0.12072273434746, -0.12006365746486121, -0.11941069439873901, -0.11876246421063501, -0.1181188229836327, -0.11747982054406797, -0.11684541683454266, -0.11621610408631688, -0.1155928755928294, -0.11497398045040674, -0.11435940193994604, -0.11374910454297653, -0.1131440305326107, -0.11254463674111999, -0.11194931964981174, -0.11135805965729893, -0.11077133339490283, -0.11019067986374781, -0.10961391960107247, -0.10904084049875191, -0.10847230900223302, -0.1079095608681843, -0.10735051768302936, -0.10679492489700396, -0.10624479781497509, -0.10569938329792643, -0.10515720144219681, -0.10461916960422779, -0.10408678805450688, -0.10355767729559395, -0.103031885198891, -0.10251202269378817, -0.10199556364749014, -0.10148201178588935, -0.10097430331135666, -0.10047005512674025, -0.09996852348417598, -0.0994727862747298, -0.09898029657635384, -0.09849057679264699, -0.0980065857696049, -0.09752538781433759, -0.09704738077799457, -0.09657477459536676, -0.09610440155420402, -0.09563810364336989, -0.09517638337096002, -0.09471650239796008, -0.0942619953479472, -0.09381041453104322], "error": [0, 0, 0, 0, 0, 0, 0, 0, 0, 0, 0, 0, 0, 0, 0, 0, 0, 0, 0, 0, 0, 0, 0, 0, 0, 0, 0, 0, 0, 0, 0, 0, 0, 0, 0, 0, 0, 0, 0, 0, 0, 0, 0, 0, 0, 0, 0, 0, 0, 0, 0, 0, 0, 0, 0, 0, 0, 0, 0, 0, 0, 0, 0, 0, 0, 0, 0, 0, 0, 0, 0, 0, 0, 0, 0, 0, 0, 0, 0, 0, 0, 0, 0, 0, 0, 0, 0, 0, 0, 0, 0, 0, 0, 0, 0, 0, 0, 0, 0, 0], "metadata": {"calculation": "selfenergy", "integration method": "square", "date": "2022-05-16 21:00:22.860515"}}