{"x": [0.01, 0.025050505050505052, 0.0401010101010101, 0.05515151515151515, 0.0702020202020202, 0.08525252525252525, 0.1003030303030303, 0.11535353535353535, 0.1304040404040404, 0.14545454545454545, 0.1605050505050505, 0.17555555555555558, 0.1906060606060606, 0.20565656565656565, 0.2207070707070707, 0.23575757575757578, 0.2508080808080808, 0.26585858585858585, 0.2809090909090909, 0.295959595959596, 0.311010101010101, 0.32606060606060605, 0.34111111111111114, 0.3561616161616162, 0.3712121212121212, 0.38626262626262625, 0.4013131313131313, 0.4163636363636364, 0.4314141414141414, 0.44646464646464645, 0.46151515151515154, 0.4765656565656566, 0.4916161616161616, 0.5066666666666666, 0.5217171717171717, 0.5367676767676768, 0.5518181818181818, 0.5668686868686869, 0.581919191919192, 0.5969696969696969, 0.612020202020202, 0.6270707070707071, 0.6421212121212121, 0.6571717171717172, 0.6722222222222223, 0.6872727272727273, 0.7023232323232323, 0.7173737373737373, 0.7324242424242424, 0.7474747474747475, 0.7625252525252525, 0.7775757575757576, 0.7926262626262626, 0.8076767676767677, 0.8227272727272728, 0.8377777777777777, 0.8528282828282828, 0.8678787878787879, 0.8829292929292929, 0.897979797979798, 0.9130303030303031, 0.9280808080808081, 0.9431313131313132, 0.9581818181818181, 0.9732323232323232, 0.9882828282828283, 1.0033333333333332, 1.0183838383838384, 1.0334343434343434, 1.0484848484848486, 1.0635353535353536, 1.0785858585858585, 1.0936363636363635, 1.1086868686868687, 1.1237373737373737, 1.1387878787878787, 1.1538383838383839, 1.1688888888888889, 1.1839393939393938, 1.198989898989899, 1.214040404040404, 1.229090909090909, 1.2441414141414142, 1.2591919191919192, 1.2742424242424242, 1.2892929292929294, 1.3043434343434344, 1.3193939393939393, 1.3344444444444445, 1.3494949494949495, 1.3645454545454545, 1.3795959595959595, 1.3946464646464647, 1.4096969696969697, 1.4247474747474747, 1.4397979797979799, 1.4548484848484848, 1.4698989898989898, 1.484949494949495, 1.5], "y": [-0.15904533637742418, -0.15812966736735132, -0.15721889185869783, -0.1563137864298148, -0.15541415739498038, -0.15451983961119617, -0.15363132335503338, -0.15274795831099366, -0.15186999107718838, -0.15099759467480336, -0.1501307349210689, -0.14926939913788168, -0.14841343231278314, -0.14756280751485726, -0.14671793365108107, -0.1458784067905087, -0.14504434915774916, -0.14421584419702863, -0.14339278440860748, -0.14257512619539656, -0.14176313009074284, -0.1409563768048933, -0.14015516330431252, -0.1393595143494859, -0.1385691996478668, -0.1377842481839714, -0.13700479077363809, -0.13623080818386563, -0.13546221908656222, -0.13469897997766422, -0.13394108525192105, -0.13318854240549755, -0.1324413524460308, -0.13169950438634112, -0.13096297954813954, -0.13023175685028998, -0.12950581543094555, -0.12878513521681315, -0.1280696967290597, -0.12735948082016313, -0.1266544685148021, -0.1259546408446802, -0.12525997842024666, -0.12457046049103664, -0.12388606359526276, -0.12320676061046867, -0.12253252138957943, -0.1218633153316078, -0.12119911501322063, -0.12053989987629313, -0.11988565837426222, -0.11923638334242259, -0.11859205545984927, -0.11795262966458048, -0.11731804944705124, -0.11668827460727638, -0.11606329669410119, -0.11544312969723507, -0.1148277598478998, -0.11421711565306142, -0.11361112585821706, -0.11300977817583986, -0.11241310804317997, -0.11182109906673744, -0.11123365881182055, -0.11065075654358571, -0.11007242239965206, -0.10949863243616277, -0.10892924166828129, -0.10836418989962496, -0.1078035490314081, -0.10724734123582846, -0.10669543309867494, -0.10614777228796864, -0.10560444644959494, -0.1050654000013472, -0.10453048869892748, -0.10399976445083792, -0.10347326990134915, -0.10295083776846714, -0.10243245353673727, -0.10191821657171103, -0.10140797359848211, -0.10090166080722877, -0.10039940246040141, -0.09990105545658273, -0.09940653782927604, -0.09891598567777765, -0.0984292423765475, -0.09794624387081997, -0.09746712551155476, -0.0969916943577767, -0.09651994712651651, -0.09605198327442872, -0.0955875776125038, -0.09512682448259031, -0.09466972142537494, -0.09421607353832721, -0.09376605517418278, -0.09331950859214792], "error": [0, 0, 0, 0, 0, 0, 0, 0, 0, 0, 0, 0, 0, 0, 0, 0, 0, 0, 0, 0, 0, 0, 0, 0, 0, 0, 0, 0, 0, 0, 0, 0, 0, 0, 0, 0, 0, 0, 0, 0, 0, 0, 0, 0, 0, 0, 0, 0, 0, 0, 0, 0, 0, 0, 0, 0, 0, 0, 0, 0, 0, 0, 0, 0, 0, 0, 0, 0, 0, 0, 0, 0, 0, 0, 0, 0, 0, 0, 0, 0, 0, 0, 0, 0, 0, 0, 0, 0, 0, 0, 0, 0, 0, 0, 0, 0, 0, 0, 0, 0], "metadata": {"calculation": "selfenergy", "integration method": "square", "date": "2022-05-16 21:00:14.304742"}}