{"x": [0.01, 0.025050505050505052, 0.0401010101010101, 0.05515151515151515, 0.0702020202020202, 0.08525252525252525, 0.1003030303030303, 0.11535353535353535, 0.1304040404040404, 0.14545454545454545, 0.1605050505050505, 0.17555555555555558, 0.1906060606060606, 0.20565656565656565, 0.2207070707070707, 0.23575757575757578, 0.2508080808080808, 0.26585858585858585, 0.2809090909090909, 0.295959595959596, 0.311010101010101, 0.32606060606060605, 0.34111111111111114, 0.3561616161616162, 0.3712121212121212, 0.38626262626262625, 0.4013131313131313, 0.4163636363636364, 0.4314141414141414, 0.44646464646464645, 0.46151515151515154, 0.4765656565656566, 0.4916161616161616, 0.5066666666666666, 0.5217171717171717, 0.5367676767676768, 0.5518181818181818, 0.5668686868686869, 0.581919191919192, 0.5969696969696969, 0.612020202020202, 0.6270707070707071, 0.6421212121212121, 0.6571717171717172, 0.6722222222222223, 0.6872727272727273, 0.7023232323232323, 0.7173737373737373, 0.7324242424242424, 0.7474747474747475, 0.7625252525252525, 0.7775757575757576, 0.7926262626262626, 0.8076767676767677, 0.8227272727272728, 0.8377777777777777, 0.8528282828282828, 0.8678787878787879, 0.8829292929292929, 0.897979797979798, 0.9130303030303031, 0.9280808080808081, 0.9431313131313132, 0.9581818181818181, 0.9732323232323232, 0.9882828282828283, 1.0033333333333332, 1.0183838383838384, 1.0334343434343434, 1.0484848484848486, 1.0635353535353536, 1.0785858585858585, 1.0936363636363635, 1.1086868686868687, 1.1237373737373737, 1.1387878787878787, 1.1538383838383839, 1.1688888888888889, 1.1839393939393938, 1.198989898989899, 1.214040404040404, 1.229090909090909, 1.2441414141414142, 1.2591919191919192, 1.2742424242424242, 1.2892929292929294, 1.3043434343434344, 1.3193939393939393, 1.3344444444444445, 1.3494949494949495, 1.3645454545454545, 1.3795959595959595, 1.3946464646464647, 1.4096969696969697, 1.4247474747474747, 1.4397979797979799, 1.4548484848484848, 1.4698989898989898, 1.484949494949495, 1.5], "y": [-0.14739022835843432, -0.14660945304362777, -0.14583260251089908, -0.14505970577341737, -0.14429079008805334, -0.14352588105102798, -0.14276500270955778, -0.14200817765504825, -0.1412554270902209, -0.1405067708755697, -0.13976222756290932, -0.13902181442198216, -0.13828554746378882, -0.13755344146261939, -0.13682550997772927, -0.13610176537506594, -0.13538221884917973, -0.13466688044532846, -0.13395575908173565, -0.1332488625719507, -0.1325461976472583, -0.1318477699790947, -0.13115358420143328, -0.13046364393311105, -0.12977795180007348, -0.12909650945751971, -0.12841931761193434, -0.12774637604299674, -0.12707768362535574, -0.12641323835026458, -0.12575303734707105, -0.12509707690455388, -0.12444535249210602, -0.12379785878075424, -0.1231545896640159, -0.12251553827858992, -0.1218806970248739, -0.12125005758731017, -0.12062361095455404, -0.12000134743946786, -0.11938325669893601, -0.11876932775350002, -0.11815954900682282, -0.1175539082649767, -0.11695239275556787, -0.11635498914670143, -0.11576168356580332, -0.11517246161831445, -0.1145873084062814, -0.11400620854687364, -0.11342914619086988, -0.11285610504116225, -0.11228706837133035, -0.11172201904435283, -0.11116093953149951, -0.11060381193138787, -0.11005061798908623, -0.10950133911482207, -0.10895595640131528, -0.1084144506376885, -0.10787680231626393, -0.107342991626474, -0.10681299842909354, -0.10628680220770241, -0.10576438200777045, -0.10524571639622139, -0.10473078348786191, -0.10421956106219124, -0.10371202673627382, -0.10320815811660232, -0.10270793286986883, -0.10221132871016585, -0.10171832334229226, -0.10122889440266278, -0.1007430194188127, -0.10026067579012332, -0.09978184078427524, -0.0993064915430168, -0.09883460509255047, -0.09836615835571545, -0.09790112816450285, -0.09743949127220283, -0.09698122436493305, -0.09652630407247635, -0.09607470697845802, -0.0956264096299186, -0.09518138854635276, -0.09473962022826696, -0.09430108116531219, -0.09386574784403648, -0.09343359675528684, -0.09300460440129224, -0.09257874730245297, -0.09215600200385096, -0.09173634508149925, -0.09131975314834438, -0.09090620286003191, -0.09049567092044603, -0.09008813408702791, -0.08968356917588588], "error": [0, 0, 0, 0, 0, 0, 0, 0, 0, 0, 0, 0, 0, 0, 0, 0, 0, 0, 0, 0, 0, 0, 0, 0, 0, 0, 0, 0, 0, 0, 0, 0, 0, 0, 0, 0, 0, 0, 0, 0, 0, 0, 0, 0, 0, 0, 0, 0, 0, 0, 0, 0, 0, 0, 0, 0, 0, 0, 0, 0, 0, 0, 0, 0, 0, 0, 0, 0, 0, 0, 0, 0, 0, 0, 0, 0, 0, 0, 0, 0, 0, 0, 0, 0, 0, 0, 0, 0, 0, 0, 0, 0, 0, 0, 0, 0, 0, 0, 0, 0], "metadata": {"calculation": "selfenergy", "integration method": "square", "date": "2022-05-16 21:00:05.777158"}}