{"x": [0.01, 0.025050505050505052, 0.0401010101010101, 0.05515151515151515, 0.0702020202020202, 0.08525252525252525, 0.1003030303030303, 0.11535353535353535, 0.1304040404040404, 0.14545454545454545, 0.1605050505050505, 0.17555555555555558, 0.1906060606060606, 0.20565656565656565, 0.2207070707070707, 0.23575757575757578, 0.2508080808080808, 0.26585858585858585, 0.2809090909090909, 0.295959595959596, 0.311010101010101, 0.32606060606060605, 0.34111111111111114, 0.3561616161616162, 0.3712121212121212, 0.38626262626262625, 0.4013131313131313, 0.4163636363636364, 0.4314141414141414, 0.44646464646464645, 0.46151515151515154, 0.4765656565656566, 0.4916161616161616, 0.5066666666666666, 0.5217171717171717, 0.5367676767676768, 0.5518181818181818, 0.5668686868686869, 0.581919191919192, 0.5969696969696969, 0.612020202020202, 0.6270707070707071, 0.6421212121212121, 0.6571717171717172, 0.6722222222222223, 0.6872727272727273, 0.7023232323232323, 0.7173737373737373, 0.7324242424242424, 0.7474747474747475, 0.7625252525252525, 0.7775757575757576, 0.7926262626262626, 0.8076767676767677, 0.8227272727272728, 0.8377777777777777, 0.8528282828282828, 0.8678787878787879, 0.8829292929292929, 0.897979797979798, 0.9130303030303031, 0.9280808080808081, 0.9431313131313132, 0.9581818181818181, 0.9732323232323232, 0.9882828282828283, 1.0033333333333332, 1.0183838383838384, 1.0334343434343434, 1.0484848484848486, 1.0635353535353536, 1.0785858585858585, 1.0936363636363635, 1.1086868686868687, 1.1237373737373737, 1.1387878787878787, 1.1538383838383839, 1.1688888888888889, 1.1839393939393938, 1.198989898989899, 1.214040404040404, 1.229090909090909, 1.2441414141414142, 1.2591919191919192, 1.2742424242424242, 1.2892929292929294, 1.3043434343434344, 1.3193939393939393, 1.3344444444444445, 1.3494949494949495, 1.3645454545454545, 1.3795959595959595, 1.3946464646464647, 1.4096969696969697, 1.4247474747474747, 1.4397979797979799, 1.4548484848484848, 1.4698989898989898, 1.484949494949495, 1.5], "y": [-2.4853471279302156e-19, -2.47103828118152e-19, -2.456805903507462e-19, -2.442662130232587e-19, -2.4286039346963005e-19, -2.4146287362653923e-19, -2.4007441963243207e-19, -2.3869401526149973e-19, -2.373220458641848e-19, -2.359587818147826e-19, -2.346041696970468e-19, -2.3325818969933856e-19, -2.3192059958898554e-19, -2.305913572819653e-19, -2.292711017632392e-19, -2.2795920182371984e-19, -2.2665584845962744e-19, -2.2536117206640314e-19, -2.240750046578769e-19, -2.2279727810636715e-19, -2.215283995384332e-19, -2.202677137443045e-19, -2.190156847833283e-19, -2.177723513478691e-19, -2.1653735356763313e-19, -2.1531073673573338e-19, -2.1409270527361074e-19, -2.1288322912651132e-19, -2.1168218120580494e-19, -2.1048949352917786e-19, -2.0930515733749645e-19, -2.0812918434476142e-19, -2.0696157612557283e-19, -2.0580231551064036e-19, -2.0465137331204004e-19, -2.035087165870009e-19, -2.0237431273542758e-19, -2.012481303894708e-19, -2.0013013911022376e-19, -1.9902030897650786e-19, -1.979186103362369e-19, -1.968250135483021e-19, -1.9573948831331506e-19, -1.9466200220523339e-19, -1.935925185611236e-19, -1.9253099499764986e-19, -1.9147738440500829e-19, -1.9043163896408167e-19, -1.8939371582136435e-19, -1.8836358285137716e-19, -1.873412220107005e-19, -1.8632662210329416e-19, -1.853197529370089e-19, -1.8432054409505673e-19, -1.8332890727187134e-19, -1.8234477964830944e-19, -1.8136814801804037e-19, -1.8039903424230497e-19, -1.7943741680510398e-19, -1.784831839867161e-19, -1.775362244401643e-19, -1.765965189641502e-19, -1.756641229352538e-19, -1.747390107359129e-19, -1.7382103792159308e-19, -1.729101564640044e-19, -1.720064134581746e-19, -1.711097714878567e-19, -1.7022000399020052e-19, -1.693370168983758e-19, -1.684609225699533e-19, -1.6759175565266892e-19, -1.6672930766469349e-19, -1.6587349682863176e-19, -1.6502446010571402e-19, -1.6418211063952519e-19, -1.6334622302442943e-19, -1.6251687837606944e-19, -1.6169414333318984e-19, -1.608777564899343e-19, -1.6006769516349796e-19, -1.5926411462903286e-19, -1.5846677536908014e-19, -1.5767557767021164e-19, -1.5689071571311276e-19, -1.5611196587808824e-19, -1.5533920007889439e-19, -1.5457263099325123e-19, -1.5381201386777898e-19, -1.530572486062841e-19, -1.523085467170865e-19, -1.5156560669791687e-19, -1.5082842341859126e-19, -1.5009715229662542e-19, -1.4937144143684853e-19, -1.4865143826404385e-19, -1.4793713893512644e-19, -1.4722823888257154e-19, -1.4652501056144174e-19, -1.4582720747558846e-19], "error": [0, 0, 0, 0, 0, 0, 0, 0, 0, 0, 0, 0, 0, 0, 0, 0, 0, 0, 0, 0, 0, 0, 0, 0, 0, 0, 0, 0, 0, 0, 0, 0, 0, 0, 0, 0, 0, 0, 0, 0, 0, 0, 0, 0, 0, 0, 0, 0, 0, 0, 0, 0, 0, 0, 0, 0, 0, 0, 0, 0, 0, 0, 0, 0, 0, 0, 0, 0, 0, 0, 0, 0, 0, 0, 0, 0, 0, 0, 0, 0, 0, 0, 0, 0, 0, 0, 0, 0, 0, 0, 0, 0, 0, 0, 0, 0, 0, 0, 0, 0], "metadata": {"calculation": "selfenergy", "integration method": "square", "date": "2022-05-16 17:29:32.336149"}}