{"x": [0.01, 0.025050505050505052, 0.0401010101010101, 0.05515151515151515, 0.0702020202020202, 0.08525252525252525, 0.1003030303030303, 0.11535353535353535, 0.1304040404040404, 0.14545454545454545, 0.1605050505050505, 0.17555555555555558, 0.1906060606060606, 0.20565656565656565, 0.2207070707070707, 0.23575757575757578, 0.2508080808080808, 0.26585858585858585, 0.2809090909090909, 0.295959595959596, 0.311010101010101, 0.32606060606060605, 0.34111111111111114, 0.3561616161616162, 0.3712121212121212, 0.38626262626262625, 0.4013131313131313, 0.4163636363636364, 0.4314141414141414, 0.44646464646464645, 0.46151515151515154, 0.4765656565656566, 0.4916161616161616, 0.5066666666666666, 0.5217171717171717, 0.5367676767676768, 0.5518181818181818, 0.5668686868686869, 0.581919191919192, 0.5969696969696969, 0.612020202020202, 0.6270707070707071, 0.6421212121212121, 0.6571717171717172, 0.6722222222222223, 0.6872727272727273, 0.7023232323232323, 0.7173737373737373, 0.7324242424242424, 0.7474747474747475, 0.7625252525252525, 0.7775757575757576, 0.7926262626262626, 0.8076767676767677, 0.8227272727272728, 0.8377777777777777, 0.8528282828282828, 0.8678787878787879, 0.8829292929292929, 0.897979797979798, 0.9130303030303031, 0.9280808080808081, 0.9431313131313132, 0.9581818181818181, 0.9732323232323232, 0.9882828282828283, 1.0033333333333332, 1.0183838383838384, 1.0334343434343434, 1.0484848484848486, 1.0635353535353536, 1.0785858585858585, 1.0936363636363635, 1.1086868686868687, 1.1237373737373737, 1.1387878787878787, 1.1538383838383839, 1.1688888888888889, 1.1839393939393938, 1.198989898989899, 1.214040404040404, 1.229090909090909, 1.2441414141414142, 1.2591919191919192, 1.2742424242424242, 1.2892929292929294, 1.3043434343434344, 1.3193939393939393, 1.3344444444444445, 1.3494949494949495, 1.3645454545454545, 1.3795959595959595, 1.3946464646464647, 1.4096969696969697, 1.4247474747474747, 1.4397979797979799, 1.4548484848484848, 1.4698989898989898, 1.484949494949495, 1.5], "y": [-2.508949138840983e-19, -2.494420108480218e-19, -2.4798212524195536e-19, -2.465396284889389e-19, -2.451065917383275e-19, -2.436780745350054e-19, -2.4226920032916404e-19, -2.408631095915857e-19, -2.3945993166244757e-19, -2.3807069534397473e-19, -2.366929687175555e-19, -2.353257674720198e-19, -2.3396192427366615e-19, -2.32605630671711e-19, -2.3126460714026707e-19, -2.2992775227574966e-19, -2.285999008018129e-19, -2.2728344731012773e-19, -2.259752561362934e-19, -2.246732864090065e-19, -2.2338464056977286e-19, -2.220995127351032e-19, -2.208263300153261e-19, -2.195634249535487e-19, -2.1830805150853305e-19, -2.17057513181387e-19, -2.1581968395134387e-19, -2.145911588134887e-19, -2.1337093317767663e-19, -2.121589740340326e-19, -2.109551761061039e-19, -2.097590221737268e-19, -2.0857130629505033e-19, -2.0739282246406795e-19, -2.0622351972087619e-19, -2.0506285078918324e-19, -2.0391061738055145e-19, -2.027667576863461e-19, -2.016312375376887e-19, -2.0050403300978059e-19, -1.9938514242121094e-19, -1.982746592574168e-19, -1.9717285881092883e-19, -1.960796635745306e-19, -1.9499468890440445e-19, -1.9391749390465435e-19, -1.9284815968149263e-19, -1.9178674097710498e-19, -1.9073317152788908e-19, -1.8968736989722395e-19, -1.886492920322631e-19, -1.8761937510759142e-19, -1.8659901203502687e-19, -1.855860448692253e-19, -1.8458024871613877e-19, -1.8358170143767985e-19, -1.8259034043752117e-19, -1.8160693490863398e-19, -1.8063303703673557e-19, -1.7966591074448142e-19, -1.7870552990550075e-19, -1.7775183901629292e-19, -1.7680631053485458e-19, -1.7586965833736702e-19, -1.7493937665995925e-19, -1.7401543487221354e-19, -1.7309857778960979e-19, -1.7219121035661946e-19, -1.712899268012546e-19, -1.7039439566939592e-19, -1.6950597092573793e-19, -1.6862658364500244e-19, -1.6775298596131013e-19, -1.6688478009844209e-19, -1.6602511530445373e-19, -1.6517281467473797e-19, -1.6432556561440983e-19, -1.6348480164503567e-19, -1.6265286718804411e-19, -1.618260438840897e-19, -1.6100440654017663e-19, -1.6019203516645094e-19, -1.5938498226150793e-19, -1.5858247231475673e-19, -1.5778909362931622e-19, -1.5700112222069444e-19, -1.5621739585951698e-19, -1.5544272426098522e-19, -1.5467312743703984e-19, -1.5390785906410363e-19, -1.5315154282971424e-19, -1.5239959122690116e-19, -1.516526259640617e-19, -1.509141004307831e-19, -1.5017906455136857e-19, -1.4945039673887684e-19, -1.48728882245539e-19, -1.480102419625427e-19, -1.472999993253786e-19, -1.4659432941270833e-19], "error": [0, 0, 0, 0, 0, 0, 0, 0, 0, 0, 0, 0, 0, 0, 0, 0, 0, 0, 0, 0, 0, 0, 0, 0, 0, 0, 0, 0, 0, 0, 0, 0, 0, 0, 0, 0, 0, 0, 0, 0, 0, 0, 0, 0, 0, 0, 0, 0, 0, 0, 0, 0, 0, 0, 0, 0, 0, 0, 0, 0, 0, 0, 0, 0, 0, 0, 0, 0, 0, 0, 0, 0, 0, 0, 0, 0, 0, 0, 0, 0, 0, 0, 0, 0, 0, 0, 0, 0, 0, 0, 0, 0, 0, 0, 0, 0, 0, 0, 0, 0], "metadata": {"calculation": "selfenergy", "integration method": "square", "date": "2022-05-16 17:18:43.850504"}}