{"x": [0.01, 0.025050505050505052, 0.0401010101010101, 0.05515151515151515, 0.0702020202020202, 0.08525252525252525, 0.1003030303030303, 0.11535353535353535, 0.1304040404040404, 0.14545454545454545, 0.1605050505050505, 0.17555555555555558, 0.1906060606060606, 0.20565656565656565, 0.2207070707070707, 0.23575757575757578, 0.2508080808080808, 0.26585858585858585, 0.2809090909090909, 0.295959595959596, 0.311010101010101, 0.32606060606060605, 0.34111111111111114, 0.3561616161616162, 0.3712121212121212, 0.38626262626262625, 0.4013131313131313, 0.4163636363636364, 0.4314141414141414, 0.44646464646464645, 0.46151515151515154, 0.4765656565656566, 0.4916161616161616, 0.5066666666666666, 0.5217171717171717, 0.5367676767676768, 0.5518181818181818, 0.5668686868686869, 0.581919191919192, 0.5969696969696969, 0.612020202020202, 0.6270707070707071, 0.6421212121212121, 0.6571717171717172, 0.6722222222222223, 0.6872727272727273, 0.7023232323232323, 0.7173737373737373, 0.7324242424242424, 0.7474747474747475, 0.7625252525252525, 0.7775757575757576, 0.7926262626262626, 0.8076767676767677, 0.8227272727272728, 0.8377777777777777, 0.8528282828282828, 0.8678787878787879, 0.8829292929292929, 0.897979797979798, 0.9130303030303031, 0.9280808080808081, 0.9431313131313132, 0.9581818181818181, 0.9732323232323232, 0.9882828282828283, 1.0033333333333332, 1.0183838383838384, 1.0334343434343434, 1.0484848484848486, 1.0635353535353536, 1.0785858585858585, 1.0936363636363635, 1.1086868686868687, 1.1237373737373737, 1.1387878787878787, 1.1538383838383839, 1.1688888888888889, 1.1839393939393938, 1.198989898989899, 1.214040404040404, 1.229090909090909, 1.2441414141414142, 1.2591919191919192, 1.2742424242424242, 1.2892929292929294, 1.3043434343434344, 1.3193939393939393, 1.3344444444444445, 1.3494949494949495, 1.3645454545454545, 1.3795959595959595, 1.3946464646464647, 1.4096969696969697, 1.4247474747474747, 1.4397979797979799, 1.4548484848484848, 1.4698989898989898, 1.484949494949495, 1.5], "y": [-2.511782046490441e-19, -2.497239424000239e-19, -2.482574605002456e-19, -2.4681167110942197e-19, -2.4537535922340806e-19, -2.4394184093065806e-19, -2.425319938210553e-19, -2.411240800403812e-19, -2.397140356257739e-19, -2.3832094950906756e-19, -2.369423849023592e-19, -2.355741243553985e-19, -2.3420614511926204e-19, -2.3284626961051586e-19, -2.3150387158430683e-19, -2.3016314405455868e-19, -2.2883190999250367e-19, -2.2751330130149573e-19, -2.2620296695137883e-19, -2.248974770746195e-19, -2.2360676671144674e-19, -2.2231798486545383e-19, -2.2104272866908046e-19, -2.1977767585404726e-19, -2.185204384130089e-19, -2.1726526995377905e-19, -2.1602604997658847e-19, -2.1479542604726766e-19, -2.1357299467378474e-19, -2.123588474276197e-19, -2.1115305956092876e-19, -2.0995413144441694e-19, -2.087634370293027e-19, -2.075821053011925e-19, -2.0641112476052123e-19, -2.0524849895703701e-19, -2.0409422590093539e-19, -2.0294829338983624e-19, -2.0181067892587079e-19, -2.0068135003180007e-19, -1.9956026456576684e-19, -1.9844737140436188e-19, -1.9734409340746057e-19, -1.9624943805098005e-19, -1.9516303169136962e-19, -1.9408381648730994e-19, -1.9301256617426106e-19, -1.9194927331580564e-19, -1.908938323192885e-19, -1.898461297071144e-19, -1.8880604439840842e-19, -1.8777366771604588e-19, -1.8675256375463237e-19, -1.857380226193514e-19, -1.847305414552363e-19, -1.8373026075933944e-19, -1.827370229933517e-19, -1.817515195573748e-19, -1.8077676733180285e-19, -1.7980812088544423e-19, -1.7884613684481518e-19, -1.778906328902884e-19, -1.7694343087902812e-19, -1.7600571495007001e-19, -1.750740045389512e-19, -1.7414843760972973e-19, -1.7322957896295252e-19, -1.7232145609930947e-19, -1.7141886218239765e-19, -1.7052175277261473e-19, -1.6963164037179482e-19, -1.6875136263014724e-19, -1.678764762443517e-19, -1.670065446121777e-19, -1.661456979641037e-19, -1.6529243803630313e-19, -1.644437748398407e-19, -1.6360145212421075e-19, -1.6276871269661125e-19, -1.6194065540764164e-19, -1.6111713501048327e-19, -1.6030423263536522e-19, -1.5949607628269618e-19, -1.5869151038038853e-19, -1.5789780431351466e-19, -1.5710880696456998e-19, -1.563231200257204e-19, -1.5554812316491587e-19, -1.5477751135928898e-19, -1.5401060541861595e-19, -1.53253787634908e-19, -1.5250076176965562e-19, -1.517524108890054e-19, -1.510133125321707e-19, -1.5027705217029697e-19, -1.495472154690732e-19, -1.4882514179037998e-19, -1.4810481109006115e-19, -1.4739422742436183e-19, -1.4668766068411407e-19], "error": [0, 0, 0, 0, 0, 0, 0, 0, 0, 0, 0, 0, 0, 0, 0, 0, 0, 0, 0, 0, 0, 0, 0, 0, 0, 0, 0, 0, 0, 0, 0, 0, 0, 0, 0, 0, 0, 0, 0, 0, 0, 0, 0, 0, 0, 0, 0, 0, 0, 0, 0, 0, 0, 0, 0, 0, 0, 0, 0, 0, 0, 0, 0, 0, 0, 0, 0, 0, 0, 0, 0, 0, 0, 0, 0, 0, 0, 0, 0, 0, 0, 0, 0, 0, 0, 0, 0, 0, 0, 0, 0, 0, 0, 0, 0, 0, 0, 0, 0, 0], "metadata": {"calculation": "selfenergy", "integration method": "square", "date": "2022-05-16 17:20:15.192595"}}