{"x": [0.01, 0.025050505050505052, 0.0401010101010101, 0.05515151515151515, 0.0702020202020202, 0.08525252525252525, 0.1003030303030303, 0.11535353535353535, 0.1304040404040404, 0.14545454545454545, 0.1605050505050505, 0.17555555555555558, 0.1906060606060606, 0.20565656565656565, 0.2207070707070707, 0.23575757575757578, 0.2508080808080808, 0.26585858585858585, 0.2809090909090909, 0.295959595959596, 0.311010101010101, 0.32606060606060605, 0.34111111111111114, 0.3561616161616162, 0.3712121212121212, 0.38626262626262625, 0.4013131313131313, 0.4163636363636364, 0.4314141414141414, 0.44646464646464645, 0.46151515151515154, 0.4765656565656566, 0.4916161616161616, 0.5066666666666666, 0.5217171717171717, 0.5367676767676768, 0.5518181818181818, 0.5668686868686869, 0.581919191919192, 0.5969696969696969, 0.612020202020202, 0.6270707070707071, 0.6421212121212121, 0.6571717171717172, 0.6722222222222223, 0.6872727272727273, 0.7023232323232323, 0.7173737373737373, 0.7324242424242424, 0.7474747474747475, 0.7625252525252525, 0.7775757575757576, 0.7926262626262626, 0.8076767676767677, 0.8227272727272728, 0.8377777777777777, 0.8528282828282828, 0.8678787878787879, 0.8829292929292929, 0.897979797979798, 0.9130303030303031, 0.9280808080808081, 0.9431313131313132, 0.9581818181818181, 0.9732323232323232, 0.9882828282828283, 1.0033333333333332, 1.0183838383838384, 1.0334343434343434, 1.0484848484848486, 1.0635353535353536, 1.0785858585858585, 1.0936363636363635, 1.1086868686868687, 1.1237373737373737, 1.1387878787878787, 1.1538383838383839, 1.1688888888888889, 1.1839393939393938, 1.198989898989899, 1.214040404040404, 1.229090909090909, 1.2441414141414142, 1.2591919191919192, 1.2742424242424242, 1.2892929292929294, 1.3043434343434344, 1.3193939393939393, 1.3344444444444445, 1.3494949494949495, 1.3645454545454545, 1.3795959595959595, 1.3946464646464647, 1.4096969696969697, 1.4247474747474747, 1.4397979797979799, 1.4548484848484848, 1.4698989898989898, 1.484949494949495, 1.5], "y": [-2.511784957743307e-19, -2.497242301860058e-19, -2.4825774335679184e-19, -2.468119477130844e-19, -2.4537563247895823e-19, -2.439421101600461e-19, -2.4253226113617925e-19, -2.4112434785070383e-19, -2.3971429566926563e-19, -2.38321201219766e-19, -2.369426409671199e-19, -2.355743782119709e-19, -2.3420639345336203e-19, -2.3284651451170105e-19, -2.31504117003583e-19, -2.3016338330539387e-19, -2.288321481161574e-19, -2.2751353492280506e-19, -2.262032005833455e-19, -2.248977051124616e-19, -2.2360699282010944e-19, -2.2231820898439905e-19, -2.2104294879122753e-19, -2.197778937243849e-19, -2.185206555768166e-19, -2.172654822686333e-19, -2.1602626007344001e-19, -2.1479563370009884e-19, -2.1357320016737933e-19, -2.123590510625451e-19, -2.1115326192644543e-19, -2.0995433178154278e-19, -2.0876363419933892e-19, -2.0758229852492873e-19, -2.0641131636594655e-19, -2.0524868839905697e-19, -2.040944131804491e-19, -2.029484785415023e-19, -2.0181086198717295e-19, -2.0068153103421078e-19, -1.9956044350424892e-19, -1.9844754778984061e-19, -1.9734426918663059e-19, -1.9624961257456216e-19, -1.9516320445015202e-19, -1.940839863726178e-19, -1.9301273372747187e-19, -1.9194943875668862e-19, -1.9089399579780223e-19, -1.8984629135418264e-19, -1.8880620433524984e-19, -1.877738255270066e-19, -1.867527215238032e-19, -1.8573817778005384e-19, -1.847306945141943e-19, -1.83730412019141e-19, -1.8273717266233105e-19, -1.8175166804901447e-19, -1.807769145921684e-19, -1.7980826584845516e-19, -1.788462800558429e-19, -1.7789077461962212e-19, -1.7694357209568984e-19, -1.7600585400985835e-19, -1.7507414171191048e-19, -1.741485732985539e-19, -1.7322971364780292e-19, -1.7232158937221483e-19, -1.7141899360402014e-19, -1.705218827918116e-19, -1.6963176990817213e-19, -1.687514901493732e-19, -1.678766021541669e-19, -1.6700666927350508e-19, -1.6614582171565392e-19, -1.6529256008636674e-19, -1.6444389557614412e-19, -1.6360157251290706e-19, -1.627688310603353e-19, -1.6194077239802965e-19, -1.6111725105266315e-19, -1.6030434743056532e-19, -1.59496189688005e-19, -1.5869162179536627e-19, -1.5789791562421494e-19, -1.5710891692378804e-19, -1.5632322854412789e-19, -1.5554823107301905e-19, -1.547776180046766e-19, -1.5401071149971972e-19, -1.5325389224208378e-19, -1.5250086523642387e-19, -1.517525140913443e-19, -1.5101341396436775e-19, -1.5027715259666975e-19, -1.4954731508698661e-19, -1.4882524019200327e-19, -1.4810490838302128e-19, -1.4739432400166438e-19, -1.4668775621160957e-19], "error": [0, 0, 0, 0, 0, 0, 0, 0, 0, 0, 0, 0, 0, 0, 0, 0, 0, 0, 0, 0, 0, 0, 0, 0, 0, 0, 0, 0, 0, 0, 0, 0, 0, 0, 0, 0, 0, 0, 0, 0, 0, 0, 0, 0, 0, 0, 0, 0, 0, 0, 0, 0, 0, 0, 0, 0, 0, 0, 0, 0, 0, 0, 0, 0, 0, 0, 0, 0, 0, 0, 0, 0, 0, 0, 0, 0, 0, 0, 0, 0, 0, 0, 0, 0, 0, 0, 0, 0, 0, 0, 0, 0, 0, 0, 0, 0, 0, 0, 0, 0], "metadata": {"calculation": "selfenergy", "integration method": "square", "date": "2022-05-16 17:21:47.670320"}}