{"x": [0.01, 0.025050505050505052, 0.0401010101010101, 0.05515151515151515, 0.0702020202020202, 0.08525252525252525, 0.1003030303030303, 0.11535353535353535, 0.1304040404040404, 0.14545454545454545, 0.1605050505050505, 0.17555555555555558, 0.1906060606060606, 0.20565656565656565, 0.2207070707070707, 0.23575757575757578, 0.2508080808080808, 0.26585858585858585, 0.2809090909090909, 0.295959595959596, 0.311010101010101, 0.32606060606060605, 0.34111111111111114, 0.3561616161616162, 0.3712121212121212, 0.38626262626262625, 0.4013131313131313, 0.4163636363636364, 0.4314141414141414, 0.44646464646464645, 0.46151515151515154, 0.4765656565656566, 0.4916161616161616, 0.5066666666666666, 0.5217171717171717, 0.5367676767676768, 0.5518181818181818, 0.5668686868686869, 0.581919191919192, 0.5969696969696969, 0.612020202020202, 0.6270707070707071, 0.6421212121212121, 0.6571717171717172, 0.6722222222222223, 0.6872727272727273, 0.7023232323232323, 0.7173737373737373, 0.7324242424242424, 0.7474747474747475, 0.7625252525252525, 0.7775757575757576, 0.7926262626262626, 0.8076767676767677, 0.8227272727272728, 0.8377777777777777, 0.8528282828282828, 0.8678787878787879, 0.8829292929292929, 0.897979797979798, 0.9130303030303031, 0.9280808080808081, 0.9431313131313132, 0.9581818181818181, 0.9732323232323232, 0.9882828282828283, 1.0033333333333332, 1.0183838383838384, 1.0334343434343434, 1.0484848484848486, 1.0635353535353536, 1.0785858585858585, 1.0936363636363635, 1.1086868686868687, 1.1237373737373737, 1.1387878787878787, 1.1538383838383839, 1.1688888888888889, 1.1839393939393938, 1.198989898989899, 1.214040404040404, 1.229090909090909, 1.2441414141414142, 1.2591919191919192, 1.2742424242424242, 1.2892929292929294, 1.3043434343434344, 1.3193939393939393, 1.3344444444444445, 1.3494949494949495, 1.3645454545454545, 1.3795959595959595, 1.3946464646464647, 1.4096969696969697, 1.4247474747474747, 1.4397979797979799, 1.4548484848484848, 1.4698989898989898, 1.484949494949495, 1.5], "y": [-0.10313437085673227, -0.10282492878171512, -0.10251631676013251, -0.10220854200456415, -0.10190161153408824, -0.1015955321759764, -0.1012903105674146, -0.1009859531572561, -0.10068246620780046, -0.10037985579659901, -0.10007812781828486, -0.09977728798642575, -0.09947734183540038, -0.09917829472229296, -0.09888015182880791, -0.09858291816320244, -0.09828659856223551, -0.09799119769313232, -0.09769672005556235, -0.09740316998363004, -0.09711055164787573, -0.09681886905729191, -0.09652812606134177, -0.0962383263519906, -0.09594947346574294, -0.09566157078568485, -0.09537462154353174, -0.09508862882167926, -0.09480359555525839, -0.09451952453419026, -0.09423641840524427, -0.09395427967409387, -0.09367311070737339, -0.09339291373472926, -0.09311369085087531, -0.09283544401763698, -0.09255817506599592, -0.0922818856981297, -0.09200657748944117, -0.09173225189058726, -0.09145891022949564, -0.09118655371337635, -0.09091518343072462, -0.09064480035331199, -0.0903754053381708, -0.09010699912956631, -0.08983958236095929, -0.08957315555695525, -0.08930771913524432, -0.08904327340852579, -0.08877981858642231, -0.08851735477737835, -0.08825588199054676, -0.08799540013766088, -0.08773590903489044, -0.0874774084046843, -0.08721989787759751, -0.08696337699410049, -0.08670784520637692, -0.08645330188010102, -0.08619974629619818, -0.08594717765259431, -0.08569559506593984, -0.0854449975733237, -0.08519538413396538, -0.0849467536308904, -0.08469910487258879, -0.08445243659465375, -0.0842067474614036, -0.08396203606748451, -0.08371830093945382, -0.08347554053734625, -0.08323375325622119, -0.08299293742768842, -0.08275309132141864, -0.08251421314663297, -0.08227630105357285, -0.08203935313495113, -0.08180336742738543, -0.08156834191280993, -0.08133427451986991, -0.08110116312529522, -0.08086900555525663, -0.08063779958670098, -0.08040754294866818, -0.0801782333235888, -0.07994986834856438, -0.07972244561662346, -0.0794959626779665, -0.07927041704118402, -0.07904580617446148, -0.07882212750676408, -0.07859937842900086, -0.07837755629517286, -0.07815665842350197, -0.07793668209754136, -0.07771762456726734, -0.07749948305015539, -0.0772822547322345, -0.07706593676912868], "error": [0, 0, 0, 0, 0, 0, 0, 0, 0, 0, 0, 0, 0, 0, 0, 0, 0, 0, 0, 0, 0, 0, 0, 0, 0, 0, 0, 0, 0, 0, 0, 0, 0, 0, 0, 0, 0, 0, 0, 0, 0, 0, 0, 0, 0, 0, 0, 0, 0, 0, 0, 0, 0, 0, 0, 0, 0, 0, 0, 0, 0, 0, 0, 0, 0, 0, 0, 0, 0, 0, 0, 0, 0, 0, 0, 0, 0, 0, 0, 0, 0, 0, 0, 0, 0, 0, 0, 0, 0, 0, 0, 0, 0, 0, 0, 0, 0, 0, 0, 0], "metadata": {"calculation": "selfenergy", "integration method": "square", "date": "2022-05-16 20:59:57.235642"}}