{"x": [0.95, 0.951010101010101, 0.952020202020202, 0.953030303030303, 0.954040404040404, 0.955050505050505, 0.956060606060606, 0.9570707070707071, 0.9580808080808081, 0.9590909090909091, 0.9601010101010101, 0.961111111111111, 0.962121212121212, 0.9631313131313131, 0.9641414141414141, 0.9651515151515151, 0.9661616161616161, 0.9671717171717171, 0.9681818181818181, 0.9691919191919192, 0.9702020202020202, 0.9712121212121212, 0.9722222222222222, 0.9732323232323232, 0.9742424242424242, 0.9752525252525253, 0.9762626262626263, 0.9772727272727273, 0.9782828282828283, 0.9792929292929293, 0.9803030303030302, 0.9813131313131312, 0.9823232323232323, 0.9833333333333333, 0.9843434343434343, 0.9853535353535353, 0.9863636363636363, 0.9873737373737373, 0.9883838383838384, 0.9893939393939394, 0.9904040404040404, 0.9914141414141414, 0.9924242424242424, 0.9934343434343434, 0.9944444444444445, 0.9954545454545455, 0.9964646464646465, 0.9974747474747475, 0.9984848484848485, 0.9994949494949494, 1.0005050505050506, 1.0015151515151515, 1.0025252525252526, 1.0035353535353535, 1.0045454545454546, 1.0055555555555555, 1.0065656565656567, 1.0075757575757576, 1.0085858585858587, 1.0095959595959596, 1.0106060606060605, 1.0116161616161616, 1.0126262626262625, 1.0136363636363637, 1.0146464646464646, 1.0156565656565657, 1.0166666666666666, 1.0176767676767677, 1.0186868686868686, 1.0196969696969698, 1.0207070707070707, 1.0217171717171718, 1.0227272727272727, 1.0237373737373738, 1.0247474747474747, 1.0257575757575759, 1.0267676767676768, 1.027777777777778, 1.0287878787878788, 1.02979797979798, 1.0308080808080808, 1.0318181818181817, 1.0328282828282829, 1.0338383838383838, 1.034848484848485, 1.0358585858585858, 1.036868686868687, 1.0378787878787878, 1.038888888888889, 1.0398989898989899, 1.040909090909091, 1.041919191919192, 1.042929292929293, 1.043939393939394, 1.044949494949495, 1.045959595959596, 1.046969696969697, 1.047979797979798, 1.0489898989898991, 1.05], "y": [3.9283449737525985e-05, 3.775191048883641e-05, 3.62044990952186e-05, 3.4640711609599975e-05, 3.3060016839097105e-05, 3.146185423704765e-05, 2.984563158059888e-05, 2.821072240657556e-05, 2.6556463174144852e-05, 2.488215011783312e-05, 2.3187035748566196e-05, 2.1470324953385946e-05, 1.9731170636102624e-05, 1.7968668831072192e-05, 1.6181853210106665e-05, 1.4369688887772264e-05, 1.2531065412338448e-05, 1.0664788807579657e-05, 8.769572503440566e-06, 6.8440269598593845e-06, 4.886647745944888e-06, 2.8958017838054916e-06, 8.697113993779993e-07, -1.1935642628128256e-06, -3.296151013877581e-06, -5.440385279196149e-06, -7.628844523564906e-06, -9.864383571946895e-06, -1.2150178285303212e-05, -1.4489778498231716e-05, -1.6887172738391952e-05, -1.9346868100452783e-05, -2.187398985145456e-05, -2.447440707374736e-05, -2.7154893181682605e-05, -2.9923333927212072e-05, -3.278900128585749e-05, -3.576292067622517e-05, -3.885837360687887e-05, -4.2091602308865856e-05, -4.548282541500559e-05, -4.905775102955723e-05, -5.284992186505845e-05, -5.6904531080767995e-05, -6.128502286669006e-05, -6.608545607325416e-05, -7.14563152780522e-05, -7.766763396984782e-05, -8.530917320781783e-05, -9.640799147028277e-05, -9.640799147028277e-05, -8.530917320781783e-05, -7.766763396984698e-05, -7.14563152780522e-05, -6.608545607325416e-05, -6.128502286669006e-05, -5.690453108076748e-05, -5.284992186505845e-05, -4.9057751029556783e-05, -4.548282541500559e-05, -4.209160230886626e-05, -3.885837360687887e-05, -3.576292067622555e-05, -3.278900128585749e-05, -2.9923333927212424e-05, -2.7154893181682605e-05, -2.44744070737477e-05, -2.187398985145456e-05, -1.9346868100453095e-05, -1.6887172738391952e-05, -1.4489778498231716e-05, -1.2150178285302927e-05, -9.864383571946895e-06, -7.628844523564635e-06, -5.440385279196149e-06, -3.29615101387731e-06, -1.1935642628128256e-06, 8.697113993782433e-07, 2.8958017838054916e-06, 4.886647745945118e-06, 6.8440269598593845e-06, 8.769572503440322e-06, 1.0664788807579657e-05, 1.2531065412338204e-05, 1.4369688887772264e-05, 1.6181853210106448e-05, 1.7968668831072192e-05, 1.9731170636102434e-05, 2.1470324953385946e-05, 2.3187035748566196e-05, 2.4882150117833308e-05, 2.6556463174144852e-05, 2.821072240657575e-05, 2.984563158059888e-05, 3.146185423704784e-05, 3.3060016839097105e-05, 3.4640711609600165e-05, 3.62044990952186e-05, 3.77519104888366e-05, 3.9283449737525985e-05]}