{"x": [0.95, 0.951010101010101, 0.952020202020202, 0.953030303030303, 0.954040404040404, 0.955050505050505, 0.956060606060606, 0.9570707070707071, 0.9580808080808081, 0.9590909090909091, 0.9601010101010101, 0.961111111111111, 0.962121212121212, 0.9631313131313131, 0.9641414141414141, 0.9651515151515151, 0.9661616161616161, 0.9671717171717171, 0.9681818181818181, 0.9691919191919192, 0.9702020202020202, 0.9712121212121212, 0.9722222222222222, 0.9732323232323232, 0.9742424242424242, 0.9752525252525253, 0.9762626262626263, 0.9772727272727273, 0.9782828282828283, 0.9792929292929293, 0.9803030303030302, 0.9813131313131312, 0.9823232323232323, 0.9833333333333333, 0.9843434343434343, 0.9853535353535353, 0.9863636363636363, 0.9873737373737373, 0.9883838383838384, 0.9893939393939394, 0.9904040404040404, 0.9914141414141414, 0.9924242424242424, 0.9934343434343434, 0.9944444444444445, 0.9954545454545455, 0.9964646464646465, 0.9974747474747475, 0.9984848484848485, 0.9994949494949494, 1.0005050505050506, 1.0015151515151515, 1.0025252525252526, 1.0035353535353535, 1.0045454545454546, 1.0055555555555555, 1.0065656565656567, 1.0075757575757576, 1.0085858585858587, 1.0095959595959596, 1.0106060606060605, 1.0116161616161616, 1.0126262626262625, 1.0136363636363637, 1.0146464646464646, 1.0156565656565657, 1.0166666666666666, 1.0176767676767677, 1.0186868686868686, 1.0196969696969698, 1.0207070707070707, 1.0217171717171718, 1.0227272727272727, 1.0237373737373738, 1.0247474747474747, 1.0257575757575759, 1.0267676767676768, 1.027777777777778, 1.0287878787878788, 1.02979797979798, 1.0308080808080808, 1.0318181818181817, 1.0328282828282829, 1.0338383838383838, 1.034848484848485, 1.0358585858585858, 1.036868686868687, 1.0378787878787878, 1.038888888888889, 1.0398989898989899, 1.040909090909091, 1.041919191919192, 1.042929292929293, 1.043939393939394, 1.044949494949495, 1.045959595959596, 1.046969696969697, 1.047979797979798, 1.0489898989898991, 1.05], "y": [2.9179245269942854e-05, 2.8637764375741976e-05, 2.8090671830885737e-05, 2.7537789463177937e-05, 2.6978929467573594e-05, 2.6413893660899645e-05, 2.5842472660758512e-05, 2.5264444978970518e-05, 2.467957601842442e-05, 2.408761696045081e-05, 2.3488303527753115e-05, 2.2881354605449066e-05, 2.2266470699808615e-05, 2.1643332210713338e-05, 2.101159748955595e-05, 2.037090064908246e-05, 1.972084908531845e-05, 1.9061020663921077e-05, 1.839096051368505e-05, 1.7710177358010156e-05, 1.7018139300253883e-05, 1.6314268960190576e-05, 1.5597937835127804e-05, 1.4868459729031655e-05, 1.4125083054176222e-05, 1.3366981759446556e-05, 1.2593244573424795e-05, 1.1802862163065682e-05, 1.0994711691958377e-05, 1.0167538104044751e-05, 9.31993124184732e-06, 8.450297606764162e-06, 7.5568251432554775e-06, 6.637438817356713e-06, 5.6897438654580366e-06, 4.710952253219522e-06, 3.6977858422579678e-06, 2.6463465584423893e-06, 1.55193867938789e-06, 4.088197092368995e-07, -7.901587181970538e-07, -2.0540857903405274e-06, -3.3948206469409137e-06, -4.828341482685758e-06, -6.377079206064488e-06, -8.074288642561768e-06, -9.973174124817207e-06, -1.2169206908356923e-05, -1.4870899015292762e-05, -1.879492384356579e-05, -1.879492384356579e-05, -1.4870899015292762e-05, -1.216920690835663e-05, -9.973174124817207e-06, -8.074288642561768e-06, -6.377079206064488e-06, -4.828341482685575e-06, -3.3948206469409137e-06, -2.0540857903403716e-06, -7.901587181970538e-07, 4.088197092367572e-07, 1.55193867938789e-06, 2.646346558442257e-06, 3.6977858422579678e-06, 4.7109522532194e-06, 5.6897438654580366e-06, 6.637438817356591e-06, 7.5568251432554775e-06, 8.450297606764054e-06, 9.31993124184732e-06, 1.0167538104044751e-05, 1.0994711691958472e-05, 1.1802862163065682e-05, 1.259324457342489e-05, 1.3366981759446556e-05, 1.412508305417631e-05, 1.4868459729031655e-05, 1.5597937835127892e-05, 1.6314268960190576e-05, 1.7018139300253965e-05, 1.7710177358010156e-05, 1.839096051368496e-05, 1.9061020663921077e-05, 1.972084908531837e-05, 2.037090064908246e-05, 2.101159748955588e-05, 2.1643332210713338e-05, 2.2266470699808547e-05, 2.2881354605449066e-05, 2.3488303527753115e-05, 2.408761696045088e-05, 2.467957601842442e-05, 2.5264444978970592e-05, 2.5842472660758512e-05, 2.6413893660899712e-05, 2.6978929467573594e-05, 2.753778946317801e-05, 2.8090671830885737e-05, 2.8637764375742044e-05, 2.9179245269942854e-05], "metadata": {"calculation": "altschuler", "integration method": "square", "date": "2022-05-01 18:39:27.173463"}}