{"x": [0.95, 0.951010101010101, 0.952020202020202, 0.953030303030303, 0.954040404040404, 0.955050505050505, 0.956060606060606, 0.9570707070707071, 0.9580808080808081, 0.9590909090909091, 0.9601010101010101, 0.961111111111111, 0.962121212121212, 0.9631313131313131, 0.9641414141414141, 0.9651515151515151, 0.9661616161616161, 0.9671717171717171, 0.9681818181818181, 0.9691919191919192, 0.9702020202020202, 0.9712121212121212, 0.9722222222222222, 0.9732323232323232, 0.9742424242424242, 0.9752525252525253, 0.9762626262626263, 0.9772727272727273, 0.9782828282828283, 0.9792929292929293, 0.9803030303030302, 0.9813131313131312, 0.9823232323232323, 0.9833333333333333, 0.9843434343434343, 0.9853535353535353, 0.9863636363636363, 0.9873737373737373, 0.9883838383838384, 0.9893939393939394, 0.9904040404040404, 0.9914141414141414, 0.9924242424242424, 0.9934343434343434, 0.9944444444444445, 0.9954545454545455, 0.9964646464646465, 0.9974747474747475, 0.9984848484848485, 0.9994949494949494, 1.0005050505050506, 1.0015151515151515, 1.0025252525252526, 1.0035353535353535, 1.0045454545454546, 1.0055555555555555, 1.0065656565656567, 1.0075757575757576, 1.0085858585858587, 1.0095959595959596, 1.0106060606060605, 1.0116161616161616, 1.0126262626262625, 1.0136363636363637, 1.0146464646464646, 1.0156565656565657, 1.0166666666666666, 1.0176767676767677, 1.0186868686868686, 1.0196969696969698, 1.0207070707070707, 1.0217171717171718, 1.0227272727272727, 1.0237373737373738, 1.0247474747474747, 1.0257575757575759, 1.0267676767676768, 1.027777777777778, 1.0287878787878788, 1.02979797979798, 1.0308080808080808, 1.0318181818181817, 1.0328282828282829, 1.0338383838383838, 1.034848484848485, 1.0358585858585858, 1.036868686868687, 1.0378787878787878, 1.038888888888889, 1.0398989898989899, 1.040909090909091, 1.041919191919192, 1.042929292929293, 1.043939393939394, 1.044949494949495, 1.045959595959596, 1.046969696969697, 1.047979797979798, 1.0489898989898991, 1.05], "y": [1.951743325714172e-05, 1.8975952362940843e-05, 1.8428859818084604e-05, 1.7875977450376803e-05, 1.731711745477246e-05, 1.675208164809851e-05, 1.618066064795738e-05, 1.5602632966169384e-05, 1.5017764005623288e-05, 1.4425804947649678e-05, 1.3826491514951982e-05, 1.3219542592647932e-05, 1.2604658687007481e-05, 1.1981520197912204e-05, 1.1349785476754815e-05, 1.0709088636281327e-05, 1.0059037072517317e-05, 9.399208651119944e-06, 8.729148500883916e-06, 8.048365345209023e-06, 7.35632728745275e-06, 6.652456947389442e-06, 5.936125822326671e-06, 5.206647716230522e-06, 4.463271041375089e-06, 3.705169746645423e-06, 2.931432560623662e-06, 2.1410501502645482e-06, 1.3328996791572438e-06, 5.057260912436177e-07, -3.4188077095381286e-07, -1.2115144060369714e-06, -2.104986869545656e-06, -3.02437319544442e-06, -3.972068147343097e-06, -4.9508597595816115e-06, -5.964026170543166e-06, -7.015465454358744e-06, -8.109873333413243e-06, -9.252992303564234e-06, -1.0451970730998187e-05, -1.1715897803141661e-05, -1.3056632659742047e-05, -1.4490153495486892e-05, -1.603889121886562e-05, -1.77361006553629e-05, -1.963498613761834e-05, -2.1831018921158058e-05, -2.4532711028093894e-05, -2.8456735856366922e-05, -2.8456735856366922e-05, -2.4532711028093894e-05, -2.1831018921157763e-05, -1.963498613761834e-05, -1.77361006553629e-05, -1.603889121886562e-05, -1.4490153495486709e-05, -1.3056632659742047e-05, -1.1715897803141505e-05, -1.0451970730998187e-05, -9.252992303564376e-06, -8.109873333413243e-06, -7.015465454358876e-06, -5.964026170543166e-06, -4.9508597595817335e-06, -3.972068147343097e-06, -3.024373195444542e-06, -2.104986869545656e-06, -1.2115144060370798e-06, -3.4188077095381286e-07, 5.057260912436177e-07, 1.3328996791573387e-06, 2.1410501502645482e-06, 2.9314325606237567e-06, 3.705169746645423e-06, 4.463271041375177e-06, 5.206647716230522e-06, 5.936125822326759e-06, 6.652456947389442e-06, 7.356327287452831e-06, 8.048365345209023e-06, 8.729148500883828e-06, 9.399208651119944e-06, 1.0059037072517236e-05, 1.0709088636281327e-05, 1.1349785476754747e-05, 1.1981520197912204e-05, 1.2604658687007414e-05, 1.3219542592647932e-05, 1.3826491514951982e-05, 1.4425804947649746e-05, 1.5017764005623288e-05, 1.560263296616946e-05, 1.618066064795738e-05, 1.675208164809858e-05, 1.731711745477246e-05, 1.7875977450376878e-05, 1.8428859818084604e-05, 1.897595236294091e-05, 1.951743325714172e-05], "metadata": {"calculation": "altschuler", "integration method": "square", "date": "2022-05-01 19:04:37.625398"}}