{"x": [0.85, 0.853030303030303, 0.8560606060606061, 0.859090909090909, 0.8621212121212121, 0.8651515151515151, 0.8681818181818182, 0.8712121212121212, 0.8742424242424243, 0.8772727272727272, 0.8803030303030303, 0.8833333333333333, 0.8863636363636364, 0.8893939393939394, 0.8924242424242423, 0.8954545454545454, 0.8984848484848484, 0.9015151515151515, 0.9045454545454545, 0.9075757575757575, 0.9106060606060605, 0.9136363636363636, 0.9166666666666666, 0.9196969696969697, 0.9227272727272727, 0.9257575757575757, 0.9287878787878787, 0.9318181818181818, 0.9348484848484848, 0.9378787878787879, 0.9409090909090909, 0.9439393939393939, 0.9469696969696969, 0.95, 0.953030303030303, 0.956060606060606, 0.959090909090909, 0.962121212121212, 0.9651515151515151, 0.9681818181818181, 0.9712121212121212, 0.9742424242424241, 0.9772727272727272, 0.9803030303030302, 0.9833333333333333, 0.9863636363636363, 0.9893939393939393, 0.9924242424242423, 0.9954545454545454, 0.9984848484848484, 1.0015151515151515, 1.0045454545454544, 1.0075757575757576, 1.0106060606060605, 1.0136363636363637, 1.0166666666666666, 1.0196969696969695, 1.0227272727272727, 1.0257575757575756, 1.0287878787878788, 1.0318181818181817, 1.0348484848484847, 1.0378787878787878, 1.0409090909090908, 1.043939393939394, 1.0469696969696969, 1.0499999999999998, 1.053030303030303, 1.056060606060606, 1.059090909090909, 1.062121212121212, 1.065151515151515, 1.0681818181818181, 1.071212121212121, 1.0742424242424242, 1.0772727272727272, 1.08030303030303, 1.0833333333333333, 1.0863636363636362, 1.0893939393939394, 1.0924242424242423, 1.0954545454545455, 1.0984848484848484, 1.1015151515151516, 1.1045454545454545, 1.1075757575757574, 1.1106060606060604, 1.1136363636363635, 1.1166666666666667, 1.1196969696969696, 1.1227272727272726, 1.1257575757575757, 1.1287878787878787, 1.1318181818181818, 1.1348484848484848, 1.1378787878787877, 1.1409090909090909, 1.1439393939393938, 1.146969696969697, 1.15], "y": [5.293269668314357e-05, 5.19948242630599e-05, 5.10472321789267e-05, 5.0089611827447776e-05, 4.912163792074342e-05, 4.814296719548842e-05, 4.7153236990732113e-05, 4.6152063677694134e-05, 4.5139040922258254e-05, 4.411373775784736e-05, 4.307569644275653e-05, 4.202443007172657e-05, 4.0959419906400875e-05, 3.988011238313624e-05, 3.878591574918629e-05, 3.76761962692373e-05, 3.6550273933258524e-05, 3.540741758312025e-05, 3.424683935878417e-05, 3.306768834421833e-05, 3.1869043267413126e-05, 3.0649904076482654e-05, 2.9409182172831056e-05, 2.8145689030063368e-05, 2.6858122860052087e-05, 2.5545052900296713e-05, 2.42049007824016e-05, 2.2835918290250807e-05, 2.1436160614132335e-05, 2.0003453933186854e-05, 1.853535578301662e-05, 1.7029106143081963e-05, 1.5481566441121123e-05, 1.3889142612880315e-05, 1.2247686806115398e-05, 1.0552370003695973e-05, 8.79751430338834e-06, 6.976368042746076e-06, 5.080797992019921e-06, 3.1008578566225106e-06, 1.0241663031280364e-06, -1.165019602886229e-06, -3.4872404939967626e-06, -5.9701714152152186e-06, -8.652663839705826e-06, -1.1592316814804571e-05, -1.488128294782564e-05, -1.8684923304003453e-05, -2.3364391299624307e-05, -3.01610016723553e-05, -3.01610016723553e-05, -2.3364391299624523e-05, -1.8684923304003453e-05, -1.4881282947825782e-05, -1.1592316814804571e-05, -8.652663839705948e-06, -5.970171415215429e-06, -3.4872404939968575e-06, -1.165019602886412e-06, 1.0241663031280364e-06, 3.1008578566224225e-06, 5.0807979920197656e-06, 6.976368042746008e-06, 8.797514303388191e-06, 1.0552370003695973e-05, 1.224768680611533e-05, 1.3889142612880186e-05, 1.5481566441121062e-05, 1.7029106143081834e-05, 1.853535578301662e-05, 2.0003453933186793e-05, 2.143616061413222e-05, 2.2835918290250752e-05, 2.420490078240149e-05, 2.5545052900296672e-05, 2.685812286005202e-05, 2.814568903006326e-05, 2.9409182172831002e-05, 3.0649904076482546e-05, 3.1869043267413086e-05, 3.3067688344218234e-05, 3.424683935878417e-05, 3.540741758312021e-05, 3.6550273933258524e-05, 3.767619626923725e-05, 3.878591574918619e-05, 3.988011238313616e-05, 4.0959419906400875e-05, 4.202443007172657e-05, 4.307569644275653e-05, 4.411373775784727e-05, 4.5139040922258294e-05, 4.6152063677694094e-05, 4.7153236990732154e-05, 4.814296719548838e-05, 4.912163792074338e-05, 5.0089611827447735e-05, 5.104723217892666e-05, 5.199482426305986e-05, 5.293269668314353e-05], "metadata": {"calculation": "altschuler", "integration method": "square", "date": "2022-05-01 17:15:49.983006"}}