{"x": [0.85, 0.853030303030303, 0.8560606060606061, 0.859090909090909, 0.8621212121212121, 0.8651515151515151, 0.8681818181818182, 0.8712121212121212, 0.8742424242424243, 0.8772727272727272, 0.8803030303030303, 0.8833333333333333, 0.8863636363636364, 0.8893939393939394, 0.8924242424242423, 0.8954545454545454, 0.8984848484848484, 0.9015151515151515, 0.9045454545454545, 0.9075757575757575, 0.9106060606060605, 0.9136363636363636, 0.9166666666666666, 0.9196969696969697, 0.9227272727272727, 0.9257575757575757, 0.9287878787878787, 0.9318181818181818, 0.9348484848484848, 0.9378787878787879, 0.9409090909090909, 0.9439393939393939, 0.9469696969696969, 0.95, 0.953030303030303, 0.956060606060606, 0.959090909090909, 0.962121212121212, 0.9651515151515151, 0.9681818181818181, 0.9712121212121212, 0.9742424242424241, 0.9772727272727272, 0.9803030303030302, 0.9833333333333333, 0.9863636363636363, 0.9893939393939393, 0.9924242424242423, 0.9954545454545454, 0.9984848484848484, 1.0015151515151515, 1.0045454545454544, 1.0075757575757576, 1.0106060606060605, 1.0136363636363637, 1.0166666666666666, 1.0196969696969695, 1.0227272727272727, 1.0257575757575756, 1.0287878787878788, 1.0318181818181817, 1.0348484848484847, 1.0378787878787878, 1.0409090909090908, 1.043939393939394, 1.0469696969696969, 1.0499999999999998, 1.053030303030303, 1.056060606060606, 1.059090909090909, 1.062121212121212, 1.065151515151515, 1.0681818181818181, 1.071212121212121, 1.0742424242424242, 1.0772727272727272, 1.08030303030303, 1.0833333333333333, 1.0863636363636362, 1.0893939393939394, 1.0924242424242423, 1.0954545454545455, 1.0984848484848484, 1.1015151515151516, 1.1045454545454545, 1.1075757575757574, 1.1106060606060604, 1.1136363636363635, 1.1166666666666667, 1.1196969696969696, 1.1227272727272726, 1.1257575757575757, 1.1287878787878787, 1.1318181818181818, 1.1348484848484848, 1.1378787878787877, 1.1409090909090909, 1.1439393939393938, 1.146969696969697, 1.15], "y": [-0.008820402780840226, -0.00885006091086141, -0.00888002640364748, -0.008910309018091523, -0.008940919040699494, -0.00897186732641084, -0.009003165343571788, -0.009034825223589556, -0.009066859815877126, -0.009099282748794292, -0.009132108497404728, -0.009165352459004671, -0.009199031037541288, -0.009233161738234002, -0.009267763273947717, -0.00930285568515268, -0.009338460475654183, -0.00937460076670242, -0.00941130147261938, -0.009448589501732644, -0.009486493987221163, -0.009525046553502316, -0.009564281625086305, -0.009604236786477807, -0.00964495320383196, -0.009686476121831685, -0.009728855452868156, -0.009772146480389057, -0.009816410704677443, -0.009861716867984722, -0.0099081422078169, -0.009955774003686921, -0.010004711505964265, -0.010055068368939922, -0.010106975759218786, -0.010160586383730776, -0.010216079793509796, -0.010273669494869077, -0.010333612683116033, -0.010396223887702413, -0.010461894640769173, -0.010531122777614615, -0.010604557850073968, -0.010683075019913071, -0.010767902878588448, -0.010860862867906471, -0.0109648691091815, -0.011085150778438059, -0.011233128549478307, -0.011448056240943865, -0.011448056240943865, -0.011233128549478314, -0.011085150778438059, -0.010964869109181504, -0.010860862867906471, -0.010767902878588451, -0.010683075019913078, -0.01060455785007397, -0.010531122777614622, -0.010461894640769173, -0.010396223887702416, -0.010333612683116038, -0.010273669494869079, -0.0102160797935098, -0.010160586383730776, -0.010106975759218787, -0.010055068368939926, -0.010004711505964266, -0.009955774003686925, -0.0099081422078169, -0.009861716867984724, -0.009816410704677446, -0.009772146480389057, -0.00972885545286816, -0.009686476121831687, -0.009644953203831961, -0.00960423678647781, -0.009564281625086306, -0.009525046553502317, -0.009486493987221165, -0.009448589501732647, -0.00941130147261938, -0.009374600766702422, -0.009338460475654183, -0.00930285568515268, -0.009267763273947719, -0.009233161738234005, -0.009199031037541288, -0.009165352459004671, -0.009132108497404728, -0.009099282748794294, -0.009066859815877126, -0.009034825223589556, -0.009003165343571788, -0.008971867326410842, -0.008940919040699496, -0.008910309018091525, -0.008880026403647481, -0.008850060910861412, -0.008820402780840227], "metadata": {"calculation": "altschuler", "integration method": "square", "date": "2022-05-01 16:53:57.749306"}}