{"x": [0.85, 0.853030303030303, 0.8560606060606061, 0.859090909090909, 0.8621212121212121, 0.8651515151515151, 0.8681818181818182, 0.8712121212121212, 0.8742424242424243, 0.8772727272727272, 0.8803030303030303, 0.8833333333333333, 0.8863636363636364, 0.8893939393939394, 0.8924242424242423, 0.8954545454545454, 0.8984848484848484, 0.9015151515151515, 0.9045454545454545, 0.9075757575757575, 0.9106060606060605, 0.9136363636363636, 0.9166666666666666, 0.9196969696969697, 0.9227272727272727, 0.9257575757575757, 0.9287878787878787, 0.9318181818181818, 0.9348484848484848, 0.9378787878787879, 0.9409090909090909, 0.9439393939393939, 0.9469696969696969, 0.95, 0.953030303030303, 0.956060606060606, 0.959090909090909, 0.962121212121212, 0.9651515151515151, 0.9681818181818181, 0.9712121212121212, 0.9742424242424241, 0.9772727272727272, 0.9803030303030302, 0.9833333333333333, 0.9863636363636363, 0.9893939393939393, 0.9924242424242423, 0.9954545454545454, 0.9984848484848484, 1.0015151515151515, 1.0045454545454544, 1.0075757575757576, 1.0106060606060605, 1.0136363636363637, 1.0166666666666666, 1.0196969696969695, 1.0227272727272727, 1.0257575757575756, 1.0287878787878788, 1.0318181818181817, 1.0348484848484847, 1.0378787878787878, 1.0409090909090908, 1.043939393939394, 1.0469696969696969, 1.0499999999999998, 1.053030303030303, 1.056060606060606, 1.059090909090909, 1.062121212121212, 1.065151515151515, 1.0681818181818181, 1.071212121212121, 1.0742424242424242, 1.0772727272727272, 1.08030303030303, 1.0833333333333333, 1.0863636363636362, 1.0893939393939394, 1.0924242424242423, 1.0954545454545455, 1.0984848484848484, 1.1015151515151516, 1.1045454545454545, 1.1075757575757574, 1.1106060606060604, 1.1136363636363635, 1.1166666666666667, 1.1196969696969696, 1.1227272727272726, 1.1257575757575757, 1.1287878787878787, 1.1318181818181818, 1.1348484848484848, 1.1378787878787877, 1.1409090909090909, 1.1439393939393938, 1.146969696969697, 1.15], "y": [-2.5949694361854613e-05, -2.688756678193828e-05, -2.7835158866071482e-05, -2.8792779217550406e-05, -2.976075312425476e-05, -3.073942384950976e-05, -3.172915405426607e-05, -3.273032736730405e-05, -3.374335012273993e-05, -3.476865328715082e-05, -3.580669460224165e-05, -3.685796097327161e-05, -3.792297113859731e-05, -3.900227866186194e-05, -4.0096475295811894e-05, -4.120619477576088e-05, -4.233211711173966e-05, -4.347497346187793e-05, -4.4635551686214014e-05, -4.5814702700779853e-05, -4.7013347777585056e-05, -4.823248696851553e-05, -4.9473208872167126e-05, -5.0736702014934814e-05, -5.2024268184946095e-05, -5.333733814470147e-05, -5.4677490262596584e-05, -5.6046472754747376e-05, -5.744623043086585e-05, -5.887893711181133e-05, -6.0347035261981564e-05, -6.185328490191622e-05, -6.340082460387707e-05, -6.499324843211787e-05, -6.663470423888278e-05, -6.833002104130221e-05, -7.008487674160984e-05, -7.19060230022521e-05, -7.380159305297826e-05, -7.578153318837566e-05, -7.785822474187015e-05, -8.00474106478844e-05, -8.236963153899495e-05, -8.48525624602134e-05, -8.753505488470401e-05, -9.047470785980276e-05, -9.376367399282382e-05, -9.756731434900163e-05, -0.00010224678234462249, -0.00010904339271735349, -0.00010904339271735349, -0.0001022467823446227, -9.756731434900163e-05, -9.376367399282397e-05, -9.047470785980276e-05, -8.753505488470413e-05, -8.485256246021361e-05, -8.236963153899503e-05, -8.00474106478846e-05, -7.785822474187015e-05, -7.578153318837576e-05, -7.380159305297841e-05, -7.190602300225217e-05, -7.008487674160999e-05, -6.833002104130221e-05, -6.663470423888285e-05, -6.4993248432118e-05, -6.340082460387712e-05, -6.185328490191635e-05, -6.0347035261981564e-05, -5.887893711181139e-05, -5.744623043086596e-05, -5.604647275474743e-05, -5.467749026259669e-05, -5.333733814470151e-05, -5.202426818494616e-05, -5.073670201493492e-05, -4.947320887216718e-05, -4.823248696851564e-05, -4.7013347777585097e-05, -4.581470270077995e-05, -4.4635551686214014e-05, -4.347497346187797e-05, -4.233211711173966e-05, -4.1206194775760934e-05, -4.009647529581199e-05, -3.900227866186202e-05, -3.792297113859731e-05, -3.685796097327161e-05, -3.580669460224165e-05, -3.4768653287150914e-05, -3.374335012273989e-05, -3.273032736730409e-05, -3.172915405426603e-05, -3.07394238495098e-05, -2.97607531242548e-05, -2.8792779217550447e-05, -2.7835158866071523e-05, -2.688756678193832e-05, -2.5949694361854654e-05], "metadata": {"calculation": "altschuler", "integration method": "square", "date": "2022-05-01 16:49:40.673034"}}