{"x": [0.85, 0.853030303030303, 0.8560606060606061, 0.859090909090909, 0.8621212121212121, 0.8651515151515151, 0.8681818181818182, 0.8712121212121212, 0.8742424242424243, 0.8772727272727272, 0.8803030303030303, 0.8833333333333333, 0.8863636363636364, 0.8893939393939394, 0.8924242424242423, 0.8954545454545454, 0.8984848484848484, 0.9015151515151515, 0.9045454545454545, 0.9075757575757575, 0.9106060606060605, 0.9136363636363636, 0.9166666666666666, 0.9196969696969697, 0.9227272727272727, 0.9257575757575757, 0.9287878787878787, 0.9318181818181818, 0.9348484848484848, 0.9378787878787879, 0.9409090909090909, 0.9439393939393939, 0.9469696969696969, 0.95, 0.953030303030303, 0.956060606060606, 0.959090909090909, 0.962121212121212, 0.9651515151515151, 0.9681818181818181, 0.9712121212121212, 0.9742424242424241, 0.9772727272727272, 0.9803030303030302, 0.9833333333333333, 0.9863636363636363, 0.9893939393939393, 0.9924242424242423, 0.9954545454545454, 0.9984848484848484, 1.0015151515151515, 1.0045454545454544, 1.0075757575757576, 1.0106060606060605, 1.0136363636363637, 1.0166666666666666, 1.0196969696969695, 1.0227272727272727, 1.0257575757575756, 1.0287878787878788, 1.0318181818181817, 1.0348484848484847, 1.0378787878787878, 1.0409090909090908, 1.043939393939394, 1.0469696969696969, 1.0499999999999998, 1.053030303030303, 1.056060606060606, 1.059090909090909, 1.062121212121212, 1.065151515151515, 1.0681818181818181, 1.071212121212121, 1.0742424242424242, 1.0772727272727272, 1.08030303030303, 1.0833333333333333, 1.0863636363636362, 1.0893939393939394, 1.0924242424242423, 1.0954545454545455, 1.0984848484848484, 1.1015151515151516, 1.1045454545454545, 1.1075757575757574, 1.1106060606060604, 1.1136363636363635, 1.1166666666666667, 1.1196969696969696, 1.1227272727272726, 1.1257575757575757, 1.1287878787878787, 1.1318181818181818, 1.1348484848484848, 1.1378787878787877, 1.1409090909090909, 1.1439393939393938, 1.146969696969697, 1.15], "y": [1.3489427034955038e-05, 1.2551554614871372e-05, 1.1603962530738168e-05, 1.0646342179259244e-05, 9.678368272554892e-06, 8.699697547299889e-06, 7.709967342543582e-06, 6.708794029505603e-06, 5.695771274069722e-06, 4.670468109658831e-06, 3.632426794567998e-06, 2.5811604235380413e-06, 1.5161502582123433e-06, 4.3684273494771044e-07, -6.573538990022434e-07, -1.7670733789512292e-06, -2.892995714930008e-06, -4.03585206506828e-06, -5.196430289404363e-06, -6.375581303970203e-06, -7.574226380775405e-06, -8.793365571705878e-06, -1.0034087475357476e-05, -1.1297580618125163e-05, -1.2585146788136444e-05, -1.3898216747891819e-05, -1.5238368865786933e-05, -1.6607351357937725e-05, -1.8007109034056197e-05, -1.9439815715001677e-05, -2.0907913865171913e-05, -2.2414163505106568e-05, -2.396170320706741e-05, -2.5554127035308216e-05, -2.7195582842073134e-05, -2.889089964449256e-05, -3.064575534480019e-05, -3.2466901605442456e-05, -3.436247165616861e-05, -3.634241179156602e-05, -3.8419103345060495e-05, -4.060828925107476e-05, -4.2930510142185294e-05, -4.541344106340375e-05, -4.809593348789436e-05, -5.1035586462993106e-05, -5.432455259601417e-05, -5.812819295219198e-05, -6.280766094781283e-05, -6.960427132054384e-05, -6.960427132054384e-05, -6.280766094781305e-05, -5.812819295219198e-05, -5.4324552596014313e-05, -5.1035586462993106e-05, -4.809593348789448e-05, -4.541344106340396e-05, -4.293051014218539e-05, -4.0608289251074943e-05, -3.8419103345060495e-05, -3.634241179156611e-05, -3.4362471656168766e-05, -3.2466901605442524e-05, -3.064575534480034e-05, -2.889089964449256e-05, -2.7195582842073202e-05, -2.5554127035308345e-05, -2.396170320706747e-05, -2.2414163505106697e-05, -2.0907913865171913e-05, -1.9439815715001738e-05, -1.8007109034056312e-05, -1.660735135793778e-05, -1.5238368865787042e-05, -1.389821674789186e-05, -1.2585146788136512e-05, -1.1297580618125272e-05, -1.003408747535753e-05, -8.793365571705986e-06, -7.574226380775446e-06, -6.3755813039702975e-06, -5.196430289404363e-06, -4.035852065068321e-06, -2.892995714930008e-06, -1.7670733789512834e-06, -6.573538990023382e-07, 4.368427349476291e-07, 1.5161502582123433e-06, 2.5811604235380413e-06, 3.632426794567998e-06, 4.6704681096587365e-06, 5.695771274069763e-06, 6.708794029505562e-06, 7.709967342543623e-06, 8.699697547299848e-06, 9.678368272554851e-06, 1.0646342179259204e-05, 1.1603962530738128e-05, 1.2551554614871331e-05, 1.3489427034954997e-05], "metadata": {"calculation": "altschuler", "integration method": "square", "date": "2022-05-01 16:49:34.056789"}}