{"x": [0.85, 0.853030303030303, 0.8560606060606061, 0.859090909090909, 0.8621212121212121, 0.8651515151515151, 0.8681818181818182, 0.8712121212121212, 0.8742424242424243, 0.8772727272727272, 0.8803030303030303, 0.8833333333333333, 0.8863636363636364, 0.8893939393939394, 0.8924242424242423, 0.8954545454545454, 0.8984848484848484, 0.9015151515151515, 0.9045454545454545, 0.9075757575757575, 0.9106060606060605, 0.9136363636363636, 0.9166666666666666, 0.9196969696969697, 0.9227272727272727, 0.9257575757575757, 0.9287878787878787, 0.9318181818181818, 0.9348484848484848, 0.9378787878787879, 0.9409090909090909, 0.9439393939393939, 0.9469696969696969, 0.95, 0.953030303030303, 0.956060606060606, 0.959090909090909, 0.962121212121212, 0.9651515151515151, 0.9681818181818181, 0.9712121212121212, 0.9742424242424241, 0.9772727272727272, 0.9803030303030302, 0.9833333333333333, 0.9863636363636363, 0.9893939393939393, 0.9924242424242423, 0.9954545454545454, 0.9984848484848484, 1.0015151515151515, 1.0045454545454544, 1.0075757575757576, 1.0106060606060605, 1.0136363636363637, 1.0166666666666666, 1.0196969696969695, 1.0227272727272727, 1.0257575757575756, 1.0287878787878788, 1.0318181818181817, 1.0348484848484847, 1.0378787878787878, 1.0409090909090908, 1.043939393939394, 1.0469696969696969, 1.0499999999999998, 1.053030303030303, 1.056060606060606, 1.059090909090909, 1.062121212121212, 1.065151515151515, 1.0681818181818181, 1.071212121212121, 1.0742424242424242, 1.0772727272727272, 1.08030303030303, 1.0833333333333333, 1.0863636363636362, 1.0893939393939394, 1.0924242424242423, 1.0954545454545455, 1.0984848484848484, 1.1015151515151516, 1.1045454545454545, 1.1075757575757574, 1.1106060606060604, 1.1136363636363635, 1.1166666666666667, 1.1196969696969696, 1.1227272727272726, 1.1257575757575757, 1.1287878787878787, 1.1318181818181818, 1.1348484848484848, 1.1378787878787877, 1.1409090909090909, 1.1439393939393938, 1.146969696969697, 1.15], "y": [-0.004940399551342855, -0.004970057681364041, -0.0050000231741501085, -0.005030305788594152, -0.005060915811202124, -0.00509186409691347, -0.005123162114074417, -0.005154821994092186, -0.0051868565863797565, -0.005219279519296922, -0.005252105267907358, -0.0052853492295073, -0.005319027808043917, -0.005353158508736631, -0.005387760044450345, -0.005422852455655308, -0.005458457246156812, -0.00549459753720505, -0.005531298243122009, -0.005568586272235273, -0.005606490757723792, -0.005645043324004944, -0.005684278395588934, -0.005724233556980436, -0.005764949974334589, -0.005806472892334314, -0.005848852223370785, -0.005892143250891686, -0.005936407475180073, -0.005981713638487351, -0.00602813897831953, -0.0060757707741895504, -0.006124708276466894, -0.006175065139442552, -0.006226972529721415, -0.006280583154233405, -0.006336076564012425, -0.0063936662653717065, -0.0064536094536186625, -0.006516220658205042, -0.006581891411271802, -0.006651119548117246, -0.006724554620576597, -0.006803071790415702, -0.006887899649091077, -0.0069808596384091, -0.007084865879684129, -0.007205147548940688, -0.007353125319980936, -0.007568053011446495, -0.007568053011446495, -0.007353125319980943, -0.007205147548940688, -0.007084865879684133, -0.0069808596384091, -0.006887899649091081, -0.006803071790415708, -0.0067245546205766, -0.006651119548117252, -0.006581891411271802, -0.006516220658205046, -0.006453609453618668, -0.006393666265371709, -0.006336076564012429, -0.006280583154233405, -0.006226972529721417, -0.006175065139442555, -0.006124708276466896, -0.006075770774189554, -0.00602813897831953, -0.005981713638487353, -0.005936407475180076, -0.0058921432508916875, -0.005848852223370789, -0.005806472892334316, -0.0057649499743345906, -0.00572423355698044, -0.005684278395588936, -0.005645043324004947, -0.005606490757723793, -0.005568586272235276, -0.005531298243122009, -0.005494597537205052, -0.005458457246156812, -0.00542285245565531, -0.005387760044450348, -0.005353158508736634, -0.005319027808043917, -0.0052853492295073, -0.005252105267907358, -0.005219279519296924, -0.005186856586379756, -0.005154821994092187, -0.005123162114074417, -0.005091864096913472, -0.0050609158112021255, -0.005030305788594154, -0.00500002317415011, -0.0049700576813640415, -0.004940399551342856], "metadata": {"calculation": "altschuler", "integration method": "square", "date": "2022-05-01 16:53:46.846300"}}