{"x": [0.85, 0.853030303030303, 0.8560606060606061, 0.859090909090909, 0.8621212121212121, 0.8651515151515151, 0.8681818181818182, 0.8712121212121212, 0.8742424242424243, 0.8772727272727272, 0.8803030303030303, 0.8833333333333333, 0.8863636363636364, 0.8893939393939394, 0.8924242424242423, 0.8954545454545454, 0.8984848484848484, 0.9015151515151515, 0.9045454545454545, 0.9075757575757575, 0.9106060606060605, 0.9136363636363636, 0.9166666666666666, 0.9196969696969697, 0.9227272727272727, 0.9257575757575757, 0.9287878787878787, 0.9318181818181818, 0.9348484848484848, 0.9378787878787879, 0.9409090909090909, 0.9439393939393939, 0.9469696969696969, 0.95, 0.953030303030303, 0.956060606060606, 0.959090909090909, 0.962121212121212, 0.9651515151515151, 0.9681818181818181, 0.9712121212121212, 0.9742424242424241, 0.9772727272727272, 0.9803030303030302, 0.9833333333333333, 0.9863636363636363, 0.9893939393939393, 0.9924242424242423, 0.9954545454545454, 0.9984848484848484, 1.0015151515151515, 1.0045454545454544, 1.0075757575757576, 1.0106060606060605, 1.0136363636363637, 1.0166666666666666, 1.0196969696969695, 1.0227272727272727, 1.0257575757575756, 1.0287878787878788, 1.0318181818181817, 1.0348484848484847, 1.0378787878787878, 1.0409090909090908, 1.043939393939394, 1.0469696969696969, 1.0499999999999998, 1.053030303030303, 1.056060606060606, 1.059090909090909, 1.062121212121212, 1.065151515151515, 1.0681818181818181, 1.071212121212121, 1.0742424242424242, 1.0772727272727272, 1.08030303030303, 1.0833333333333333, 1.0863636363636362, 1.0893939393939394, 1.0924242424242423, 1.0954545454545455, 1.0984848484848484, 1.1015151515151516, 1.1045454545454545, 1.1075757575757574, 1.1106060606060604, 1.1136363636363635, 1.1166666666666667, 1.1196969696969696, 1.1227272727272726, 1.1257575757575757, 1.1287878787878787, 1.1318181818181818, 1.1348484848484848, 1.1378787878787877, 1.1409090909090909, 1.1439393939393938, 1.146969696969697, 1.15], "y": [-0.0010198665909762618, -0.001049524720997448, -0.0010794902137835163, -0.00110977282822756, -0.001140382850835531, -0.0011713311365468778, -0.0012026291537078249, -0.001234289033725593, -0.0012663236260131638, -0.001298746558930329, -0.0013315723075407646, -0.0013648162691407076, -0.0013984948476773243, -0.0014326255483700385, -0.0014672270840837527, -0.0015023194952887156, -0.0015379242857902187, -0.0015740645768384572, -0.001610765282755416, -0.0016480533118686802, -0.001685957797357199, -0.0017245103636383515, -0.0017637454352223414, -0.0018037005966138435, -0.0018444170139679957, -0.0018859399319677219, -0.0019283192630041926, -0.001971610290525093, -0.00201587451481348, -0.0020611806781207585, -0.002107606017952937, -0.0021552378138229573, -0.0022041753161003014, -0.0022545321790759586, -0.002306439569354822, -0.0023600501938668126, -0.002415543603645832, -0.0024731333050051142, -0.00253307649325207, -0.0025956876978384495, -0.002661358450905209, -0.002730586587750653, -0.002804021660210004, -0.002882538830049109, -0.0029673666887244845, -0.003060326678042507, -0.003164332919317536, -0.003284614588574096, -0.0034325923596143434, -0.0036475200510799025, -0.0036475200510799025, -0.00343259235961435, -0.003284614588574096, -0.0031643329193175407, -0.003060326678042507, -0.002967366688724488, -0.002882538830049115, -0.0028040216602100076, -0.002730586587750659, -0.002661358450905209, -0.0025956876978384526, -0.002533076493252075, -0.0024731333050051164, -0.0024155436036458365, -0.0023600501938668126, -0.002306439569354824, -0.0022545321790759625, -0.002204175316100303, -0.0021552378138229612, -0.002107606017952937, -0.00206118067812076, -0.0020158745148134835, -0.001971610290525095, -0.001928319263004196, -0.0018859399319677232, -0.0018444170139679979, -0.001803700596613847, -0.0017637454352223431, -0.0017245103636383545, -0.0016859577973572003, -0.0016480533118686832, -0.001610765282755416, -0.0015740645768384585, -0.0015379242857902187, -0.0015023194952887174, -0.0014672270840837554, -0.001432625548370041, -0.0013984948476773243, -0.0013648162691407076, -0.0013315723075407646, -0.0012987465589303316, -0.0012663236260131625, -0.0012342890337255939, -0.001202629153707824, -0.0011713311365468791, -0.0011403828508355324, -0.0011097728282275614, -0.0010794902137835176, -0.0010495247209974493, -0.001019866590976263], "metadata": {"calculation": "altschuler", "integration method": "square", "date": "2022-05-01 16:53:35.582841"}}