{"x": [0.95, 0.951010101010101, 0.952020202020202, 0.953030303030303, 0.954040404040404, 0.955050505050505, 0.956060606060606, 0.9570707070707071, 0.9580808080808081, 0.9590909090909091, 0.9601010101010101, 0.961111111111111, 0.962121212121212, 0.9631313131313131, 0.9641414141414141, 0.9651515151515151, 0.9661616161616161, 0.9671717171717171, 0.9681818181818181, 0.9691919191919192, 0.9702020202020202, 0.9712121212121212, 0.9722222222222222, 0.9732323232323232, 0.9742424242424242, 0.9752525252525253, 0.9762626262626263, 0.9772727272727273, 0.9782828282828283, 0.9792929292929293, 0.9803030303030302, 0.9813131313131312, 0.9823232323232323, 0.9833333333333333, 0.9843434343434343, 0.9853535353535353, 0.9863636363636363, 0.9873737373737373, 0.9883838383838384, 0.9893939393939394, 0.9904040404040404, 0.9914141414141414, 0.9924242424242424, 0.9934343434343434, 0.9944444444444445, 0.9954545454545455, 0.9964646464646465, 0.9974747474747475, 0.9984848484848485, 0.9994949494949494, 1.0005050505050506, 1.0015151515151515, 1.0025252525252526, 1.0035353535353535, 1.0045454545454546, 1.0055555555555555, 1.0065656565656567, 1.0075757575757576, 1.0085858585858587, 1.0095959595959596, 1.0106060606060605, 1.0116161616161616, 1.0126262626262625, 1.0136363636363637, 1.0146464646464646, 1.0156565656565657, 1.0166666666666666, 1.0176767676767677, 1.0186868686868686, 1.0196969696969698, 1.0207070707070707, 1.0217171717171718, 1.0227272727272727, 1.0237373737373738, 1.0247474747474747, 1.0257575757575759, 1.0267676767676768, 1.027777777777778, 1.0287878787878788, 1.02979797979798, 1.0308080808080808, 1.0318181818181817, 1.0328282828282829, 1.0338383838383838, 1.034848484848485, 1.0358585858585858, 1.036868686868687, 1.0378787878787878, 1.038888888888889, 1.0398989898989899, 1.040909090909091, 1.041919191919192, 1.042929292929293, 1.043939393939394, 1.044949494949495, 1.045959595959596, 1.046969696969697, 1.047979797979798, 1.0489898989898991, 1.05], "y": [5.025274163675635e-06, 4.483793269474757e-06, 3.936700724618518e-06, 3.3838183569107177e-06, 2.8249583613063753e-06, 2.2599225546324257e-06, 1.688501554491293e-06, 1.110473872703299e-06, 5.256049121572022e-07, -6.635414581640753e-08, -6.656675785141034e-07, -1.272616500818153e-06, -1.887500406458604e-06, -2.510638895553881e-06, -3.1423736167112703e-06, -3.7830704571847583e-06, -4.433122020948768e-06, -5.0929504423461415e-06, -5.763010592582169e-06, -6.4437937482570624e-06, -7.135831806013336e-06, -7.839702146076643e-06, -8.556033271139415e-06, -9.285511377235564e-06, -1.0028888052090997e-05, -1.0786989346820663e-05, -1.1560726532842424e-05, -1.2351108943201537e-05, -1.3159259414308842e-05, -1.3986433002222468e-05, -1.4834039864419898e-05, -1.5703673499503057e-05, -1.659714596301174e-05, -1.7516532288910506e-05, -1.8464227240809182e-05, -1.9443018853047697e-05, -2.045618526400925e-05, -2.150762454782483e-05, -2.260203242687933e-05, -2.374515139703032e-05, -2.4944129824464273e-05, -2.6208056896607746e-05, -2.7548791753208133e-05, -2.8982312588952977e-05, -3.05310503123317e-05, -3.222825974882899e-05, -3.412714523108442e-05, -3.6323178014624144e-05, -3.902487012155998e-05, -4.294889494983301e-05, -4.294889494983301e-05, -3.902487012155998e-05, -3.6323178014623846e-05, -3.412714523108442e-05, -3.222825974882899e-05, -3.05310503123317e-05, -2.8982312588952794e-05, -2.7548791753208133e-05, -2.620805689660759e-05, -2.4944129824464273e-05, -2.3745151397030462e-05, -2.260203242687933e-05, -2.1507624547824962e-05, -2.045618526400925e-05, -1.944301885304782e-05, -1.8464227240809182e-05, -1.7516532288910627e-05, -1.659714596301174e-05, -1.5703673499503165e-05, -1.4834039864419898e-05, -1.3986433002222468e-05, -1.3159259414308747e-05, -1.2351108943201537e-05, -1.1560726532842329e-05, -1.0786989346820663e-05, -1.0028888052090909e-05, -9.285511377235564e-06, -8.556033271139327e-06, -7.839702146076643e-06, -7.135831806013254e-06, -6.4437937482570624e-06, -5.763010592582257e-06, -5.0929504423461415e-06, -4.4331220209488495e-06, -3.7830704571847583e-06, -3.142373616711338e-06, -2.510638895553881e-06, -1.8875004064586719e-06, -1.272616500818153e-06, -6.656675785141034e-07, -6.635414581633977e-08, 5.256049121572022e-07, 1.1104738727033735e-06, 1.688501554491293e-06, 2.2599225546324935e-06, 2.8249583613063753e-06, 3.3838183569107923e-06, 3.936700724618518e-06, 4.483793269474825e-06, 5.025274163675635e-06], "metadata": {"calculation": "altschuler", "integration method": "square", "date": "2022-05-01 18:39:33.365185"}}