{"x": [0.95, 0.951010101010101, 0.952020202020202, 0.953030303030303, 0.954040404040404, 0.955050505050505, 0.956060606060606, 0.9570707070707071, 0.9580808080808081, 0.9590909090909091, 0.9601010101010101, 0.961111111111111, 0.962121212121212, 0.9631313131313131, 0.9641414141414141, 0.9651515151515151, 0.9661616161616161, 0.9671717171717171, 0.9681818181818181, 0.9691919191919192, 0.9702020202020202, 0.9712121212121212, 0.9722222222222222, 0.9732323232323232, 0.9742424242424242, 0.9752525252525253, 0.9762626262626263, 0.9772727272727273, 0.9782828282828283, 0.9792929292929293, 0.9803030303030302, 0.9813131313131312, 0.9823232323232323, 0.9833333333333333, 0.9843434343434343, 0.9853535353535353, 0.9863636363636363, 0.9873737373737373, 0.9883838383838384, 0.9893939393939394, 0.9904040404040404, 0.9914141414141414, 0.9924242424242424, 0.9934343434343434, 0.9944444444444445, 0.9954545454545455, 0.9964646464646465, 0.9974747474747475, 0.9984848484848485, 0.9994949494949494, 1.0005050505050506, 1.0015151515151515, 1.0025252525252526, 1.0035353535353535, 1.0045454545454546, 1.0055555555555555, 1.0065656565656567, 1.0075757575757576, 1.0085858585858587, 1.0095959595959596, 1.0106060606060605, 1.0116161616161616, 1.0126262626262625, 1.0136363636363637, 1.0146464646464646, 1.0156565656565657, 1.0166666666666666, 1.0176767676767677, 1.0186868686868686, 1.0196969696969698, 1.0207070707070707, 1.0217171717171718, 1.0227272727272727, 1.0237373737373738, 1.0247474747474747, 1.0257575757575759, 1.0267676767676768, 1.027777777777778, 1.0287878787878788, 1.02979797979798, 1.0308080808080808, 1.0318181818181817, 1.0328282828282829, 1.0338383838383838, 1.034848484848485, 1.0358585858585858, 1.036868686868687, 1.0378787878787878, 1.038888888888889, 1.0398989898989899, 1.040909090909091, 1.041919191919192, 1.042929292929293, 1.043939393939394, 1.044949494949495, 1.045959595959596, 1.046969696969697, 1.047979797979798, 1.0489898989898991, 1.05], "y": [1.0545504685370932e-07, 1.0750283816203248e-07, 1.0958352110256241e-07, 1.116960905687146e-07, 1.1383933800251099e-07, 1.1601183019832628e-07, 1.1821188595010095e-07, 1.2043755022321313e-07, 1.2268656545191048e-07, 1.2495633946229646e-07, 1.2724390937940195e-07, 1.2954590069689254e-07, 1.3185848044411235e-07, 1.3417730305529244e-07, 1.3649744710474564e-07, 1.3881334046720665e-07, 1.411186706346115e-07, 1.434062757702274e-07, 1.4566801047431062e-07, 1.4789457795550453e-07, 1.500753170334616e-07, 1.521979276362412e-07, 1.542481114137434e-07, 1.5620909347645165e-07, 1.5806097495842182e-07, 1.5977984045834088e-07, 1.6133650305466272e-07, 1.6269470093735605e-07, 1.6380844193966579e-07, 1.6461798246588942e-07, 1.650435367682083e-07, 1.6497504667700079e-07, 1.6425474338043996e-07, 1.6264563076456645e-07, 1.597700792051722e-07, 1.5497752940615265e-07, 1.4701572062535962e-07, 1.3300967288065041e-07, 1.0370701988972319e-07, 1.299089865841588e-08, -2.1475451797834223e-07, -5.454164895150546e-07, -8.796738710204952e-07, -1.1823457411218219e-06, -1.4454497484784404e-06, -1.666049768855428e-06, -1.8428020591866921e-06, -1.9750511022979686e-06, -2.062501303860933e-06, -2.105075436640325e-06, -2.1028494127239126e-06, -2.056025374685698e-06, -1.964930306448336e-06, -1.8300396740240043e-06, -1.652037536734688e-06, -1.4319480895283697e-06, -1.171439894026946e-06, -8.736550340413054e-07, -5.463028397437972e-07, -2.2107128216133836e-07, 7.915678627652603e-09, 1.0214235952719114e-07, 1.323893687830263e-07, 1.466520774300923e-07, 1.5471878139711432e-07, 1.5956381917451874e-07, 1.624691584159416e-07, 1.6409685532960055e-07, 1.6482975184087586e-07, 1.6490747448037172e-07, 1.6448922486916079e-07, 1.636858859433335e-07, 1.6257773703878274e-07, 1.6122482454528457e-07, 1.596733283985313e-07, 1.579596262390996e-07, 1.561129745039748e-07, 1.5415732763496088e-07, 1.5211260319548236e-07, 1.4999558110507209e-07, 1.4782055558999062e-07, 1.455998165631468e-07, 1.4334401120371474e-07, 1.410624200219992e-07, 1.3876317097947287e-07, 1.3645340812582588e-07, 1.3413942641375025e-07, 1.318267810561557e-07, 1.2952037749512056e-07, 1.2722454643079532e-07, 1.2494310720343452e-07, 1.226794219853497e-07, 1.2043644263371376e-07, 1.1821675160806688e-07, 1.1602259802693242e-07, 1.1385592969191257e-07, 1.1171842172410439e-07, 1.0961150231895822e-07, 1.075363760205006e-07, 1.0549404483640404e-07]}