{"x": [0.95, 0.951010101010101, 0.952020202020202, 0.953030303030303, 0.954040404040404, 0.955050505050505, 0.956060606060606, 0.9570707070707071, 0.9580808080808081, 0.9590909090909091, 0.9601010101010101, 0.961111111111111, 0.962121212121212, 0.9631313131313131, 0.9641414141414141, 0.9651515151515151, 0.9661616161616161, 0.9671717171717171, 0.9681818181818181, 0.9691919191919192, 0.9702020202020202, 0.9712121212121212, 0.9722222222222222, 0.9732323232323232, 0.9742424242424242, 0.9752525252525253, 0.9762626262626263, 0.9772727272727273, 0.9782828282828283, 0.9792929292929293, 0.9803030303030302, 0.9813131313131312, 0.9823232323232323, 0.9833333333333333, 0.9843434343434343, 0.9853535353535353, 0.9863636363636363, 0.9873737373737373, 0.9883838383838384, 0.9893939393939394, 0.9904040404040404, 0.9914141414141414, 0.9924242424242424, 0.9934343434343434, 0.9944444444444445, 0.9954545454545455, 0.9964646464646465, 0.9974747474747475, 0.9984848484848485, 0.9994949494949494, 1.0005050505050506, 1.0015151515151515, 1.0025252525252526, 1.0035353535353535, 1.0045454545454546, 1.0055555555555555, 1.0065656565656567, 1.0075757575757576, 1.0085858585858587, 1.0095959595959596, 1.0106060606060605, 1.0116161616161616, 1.0126262626262625, 1.0136363636363637, 1.0146464646464646, 1.0156565656565657, 1.0166666666666666, 1.0176767676767677, 1.0186868686868686, 1.0196969696969698, 1.0207070707070707, 1.0217171717171718, 1.0227272727272727, 1.0237373737373738, 1.0247474747474747, 1.0257575757575759, 1.0267676767676768, 1.027777777777778, 1.0287878787878788, 1.02979797979798, 1.0308080808080808, 1.0318181818181817, 1.0328282828282829, 1.0338383838383838, 1.034848484848485, 1.0358585858585858, 1.036868686868687, 1.0378787878787878, 1.038888888888889, 1.0398989898989899, 1.040909090909091, 1.041919191919192, 1.042929292929293, 1.043939393939394, 1.044949494949495, 1.045959595959596, 1.046969696969697, 1.047979797979798, 1.0489898989898991, 1.05], "y": [2.217767170741578e-08, 2.31184885714938e-08, 2.4120584093794315e-08, 2.518942483099559e-08, 2.6331103567565533e-08, 2.75524277629802e-08, 2.8861022972311833e-08, 3.026545421472359e-08, 3.1775368947803123e-08, 3.3401666167042014e-08, 3.515669724103844e-08, 3.705450548754681e-08, 3.91111132810079e-08, 4.134486778931279e-08, 4.377685943643831e-08, 4.6431431100874e-08, 4.933680122097818e-08, 5.2525830809767596e-08, 5.603697350662768e-08, 5.991546005548973e-08, 6.421478520122232e-08, 6.89985876240618e-08, 7.434304457205177e-08, 8.033994565725262e-08, 8.710066954843504e-08, 9.476136943803611e-08, 1.0348978663994432e-07, 1.1349426665245367e-07, 1.2503575814801615e-07, 1.3844383409722887e-07, 1.5413805696553298e-07, 1.7265620013471505e-07, 1.9469058607111333e-07, 2.2113218051548434e-07, 2.53116816484816e-07, 2.920538529111909e-07, 3.3958368097154963e-07, 3.973269980651277e-07, 4.658769445988441e-07, 4.964835544564528e-07, 3.333648148831245e-07, 2.951156688645344e-08, -2.4137222412540086e-07, -4.65397915000514e-07, -6.473552789275467e-07, -7.918854462080505e-07, -9.028374938242338e-07, -9.831740270154483e-07, -1.0350328231019637e-06, -1.0598190184743621e-06, -1.058280679363962e-06, -1.0305516052543803e-06, -9.761577388880531e-07, -8.939877416161982e-07, -7.822322824427614e-07, -6.383082191086484e-07, -4.5881210625733023e-07, -2.3961804694946637e-07, 2.3531669864881843e-08, 3.2075159023185235e-07, 4.886123223823951e-07, 4.649164386496864e-07, 3.9693858561738967e-07, 3.394743560790614e-07, 2.92086471091257e-07, 2.532162128715634e-07, 2.212583759835457e-07, 1.9482313786627422e-07, 1.7278515903329447e-07, 1.5425898206159348e-07, 1.3855511938616274e-07, 1.2513721739685882e-07, 1.1358638940573201e-07, 1.0357335002831571e-07, 9.48372386685868e-08, 8.7169698591395e-08, 8.040293106041056e-08, 7.440070721169895e-08, 6.905156884124747e-08, 6.426365002270064e-08, 5.996070358401208e-08, 5.607902840917788e-08, 5.256507484186984e-08, 4.9373564274735814e-08, 4.6466001562367194e-08, 4.3809489795167207e-08, 4.1375779522335055e-08, 3.914050107094559e-08, 3.70825408484808e-08, 3.5183531626656195e-08, 3.3427433633059965e-08, 3.180018843133464e-08, 3.0289431487572145e-08, 2.888425231700039e-08, 2.757499341253724e-08, 2.635308094499027e-08, 2.5210881618119248e-08, 2.4141581155030072e-08, 2.313908075405309e-08, 2.219790853568579e-08]}