{"x": [0.95, 0.951010101010101, 0.952020202020202, 0.953030303030303, 0.954040404040404, 0.955050505050505, 0.956060606060606, 0.9570707070707071, 0.9580808080808081, 0.9590909090909091, 0.9601010101010101, 0.961111111111111, 0.962121212121212, 0.9631313131313131, 0.9641414141414141, 0.9651515151515151, 0.9661616161616161, 0.9671717171717171, 0.9681818181818181, 0.9691919191919192, 0.9702020202020202, 0.9712121212121212, 0.9722222222222222, 0.9732323232323232, 0.9742424242424242, 0.9752525252525253, 0.9762626262626263, 0.9772727272727273, 0.9782828282828283, 0.9792929292929293, 0.9803030303030302, 0.9813131313131312, 0.9823232323232323, 0.9833333333333333, 0.9843434343434343, 0.9853535353535353, 0.9863636363636363, 0.9873737373737373, 0.9883838383838384, 0.9893939393939394, 0.9904040404040404, 0.9914141414141414, 0.9924242424242424, 0.9934343434343434, 0.9944444444444445, 0.9954545454545455, 0.9964646464646465, 0.9974747474747475, 0.9984848484848485, 0.9994949494949494, 1.0005050505050506, 1.0015151515151515, 1.0025252525252526, 1.0035353535353535, 1.0045454545454546, 1.0055555555555555, 1.0065656565656567, 1.0075757575757576, 1.0085858585858587, 1.0095959595959596, 1.0106060606060605, 1.0116161616161616, 1.0126262626262625, 1.0136363636363637, 1.0146464646464646, 1.0156565656565657, 1.0166666666666666, 1.0176767676767677, 1.0186868686868686, 1.0196969696969698, 1.0207070707070707, 1.0217171717171718, 1.0227272727272727, 1.0237373737373738, 1.0247474747474747, 1.0257575757575759, 1.0267676767676768, 1.027777777777778, 1.0287878787878788, 1.02979797979798, 1.0308080808080808, 1.0318181818181817, 1.0328282828282829, 1.0338383838383838, 1.034848484848485, 1.0358585858585858, 1.036868686868687, 1.0378787878787878, 1.038888888888889, 1.0398989898989899, 1.040909090909091, 1.041919191919192, 1.042929292929293, 1.043939393939394, 1.044949494949495, 1.045959595959596, 1.046969696969697, 1.047979797979798, 1.0489898989898991, 1.05], "y": [-2.2177671707391906e-08, -2.3118488571473597e-08, -2.412058409380717e-08, -2.5189424831021302e-08, -2.633110356758941e-08, -2.7552427762945308e-08, -2.88610229723504e-08, -3.026545421473461e-08, -3.177536894783985e-08, -3.340166616699794e-08, -3.515669724097784e-08, -3.705450548757252e-08, -3.911111328098402e-08, -4.134486778932381e-08, -4.3776859436397906e-08, -4.643143110087033e-08, -4.933680122098001e-08, -5.252583080976392e-08, -5.60369735066589e-08, -5.991546005549157e-08, -6.42147852012113e-08, -6.899858762409486e-08, -7.434304457203708e-08, -8.033994565721406e-08, -8.710066954843321e-08, -9.476136943799755e-08, -1.0348978663995901e-07, -1.1349426665242245e-07, -1.2503575814800514e-07, -1.3844383409720685e-07, -1.5413805696548523e-07, -1.7265620013468567e-07, -1.946905860711005e-07, -2.211321805154972e-07, -2.531168164848344e-07, -2.9205385291115786e-07, -3.3958368097155143e-07, -3.9732699806510384e-07, -4.6587694459883675e-07, -4.964835544564031e-07, -3.333648148830988e-07, -2.951156688645895e-08, 2.4137222412538255e-07, 4.6539791500053245e-07, 6.473552789275613e-07, 7.91885446208078e-07, 9.028374938242154e-07, 9.831740270154557e-07, 1.0350328231019362e-06, 1.0598190184743539e-06, 1.058280679363961e-06, 1.0305516052543896e-06, 9.761577388880449e-07, 8.939877416162051e-07, 7.822322824427544e-07, 6.383082191086493e-07, 4.5881210625733664e-07, 2.3961804694946224e-07, -2.3531669864876794e-08, -3.2075159023185474e-07, -4.88612322382391e-07, -4.6491643864968455e-07, -3.96938585617392e-07, -3.3947435607906103e-07, -2.9208647109125814e-07, -2.53216212871565e-07, -2.2125837598354363e-07, -1.9482313786627607e-07, -1.7278515903329513e-07, -1.5425898206159393e-07, -1.3855511938616364e-07, -1.2513721739685975e-07, -1.1358638940573201e-07, -1.0357335002831481e-07, -9.483723866858634e-08, -8.716969859139509e-08, -8.040293106040951e-08, -7.440070721169884e-08, -6.905156884124942e-08, -6.426365002269937e-08, -5.996070358401311e-08, -5.607902840917822e-08, -5.256507484186824e-08, -4.937356427473719e-08, -4.6466001562367426e-08, -4.38094897951656e-08, -4.137577952233551e-08, -3.914050107094433e-08, -3.708254084848183e-08, -3.518353162665631e-08, -3.3427433633060654e-08, -3.1800188431335905e-08, -3.028943148757249e-08, -2.888425231700016e-08, -2.7574993412537697e-08, -2.635308094499027e-08, -2.5210881618118907e-08, -2.4141581155030185e-08, -2.3139080754053663e-08, -2.2197908535685217e-08], "errors": [null, null, null, null, null, null, null, null, null, null, null, null, null, null, null, null, null, null, null, null, null, null, null, null, null, null, null, null, null, null, null, null, null, null, null, null, null, null, null, null, null, null, null, null, null, null, null, null, null, null, null, null, null, null, null, null, null, null, null, null, null, null, null, null, null, null, null, null, null, null, null, null, null, null, null, null, null, null, null, null, null, null, null, null, null, null, null, null, null, null, null, null, null, null, null, null, null, null, null, null], "metadata": {"calculation": "density", "integration method": "square", "date": "2022-05-05 20:18:30.204842"}}