{"x": [0.95, 0.951010101010101, 0.952020202020202, 0.953030303030303, 0.954040404040404, 0.955050505050505, 0.956060606060606, 0.9570707070707071, 0.9580808080808081, 0.9590909090909091, 0.9601010101010101, 0.961111111111111, 0.962121212121212, 0.9631313131313131, 0.9641414141414141, 0.9651515151515151, 0.9661616161616161, 0.9671717171717171, 0.9681818181818181, 0.9691919191919192, 0.9702020202020202, 0.9712121212121212, 0.9722222222222222, 0.9732323232323232, 0.9742424242424242, 0.9752525252525253, 0.9762626262626263, 0.9772727272727273, 0.9782828282828283, 0.9792929292929293, 0.9803030303030302, 0.9813131313131312, 0.9823232323232323, 0.9833333333333333, 0.9843434343434343, 0.9853535353535353, 0.9863636363636363, 0.9873737373737373, 0.9883838383838384, 0.9893939393939394, 0.9904040404040404, 0.9914141414141414, 0.9924242424242424, 0.9934343434343434, 0.9944444444444445, 0.9954545454545455, 0.9964646464646465, 0.9974747474747475, 0.9984848484848485, 0.9994949494949494, 1.0005050505050506, 1.0015151515151515, 1.0025252525252526, 1.0035353535353535, 1.0045454545454546, 1.0055555555555555, 1.0065656565656567, 1.0075757575757576, 1.0085858585858587, 1.0095959595959596, 1.0106060606060605, 1.0116161616161616, 1.0126262626262625, 1.0136363636363637, 1.0146464646464646, 1.0156565656565657, 1.0166666666666666, 1.0176767676767677, 1.0186868686868686, 1.0196969696969698, 1.0207070707070707, 1.0217171717171718, 1.0227272727272727, 1.0237373737373738, 1.0247474747474747, 1.0257575757575759, 1.0267676767676768, 1.027777777777778, 1.0287878787878788, 1.02979797979798, 1.0308080808080808, 1.0318181818181817, 1.0328282828282829, 1.0338383838383838, 1.034848484848485, 1.0358585858585858, 1.036868686868687, 1.0378787878787878, 1.038888888888889, 1.0398989898989899, 1.040909090909091, 1.041919191919192, 1.042929292929293, 1.043939393939394, 1.044949494949495, 1.045959595959596, 1.046969696969697, 1.047979797979798, 1.0489898989898991, 1.05], "y": [2.242583158439277e-09, 2.3388609604154375e-09, 2.441517102574809e-09, 2.551133612578531e-09, 2.6683611583614883e-09, 2.7939291017737724e-09, 2.9286573321651515e-09, 3.0734702529417932e-09, 3.229413386431421e-09, 3.3976731790705456e-09, 3.5796007405794767e-09, 3.776740448903055e-09, 3.990864610449897e-09, 4.2240157080182955e-09, 4.478558225538167e-09, 4.7572426553132876e-09, 5.063285129345182e-09, 5.400467273486126e-09, 5.773262487588622e-09, 6.186997124545577e-09, 6.648058289161167e-09, 7.164164693338494e-09, 7.744723981089854e-09, 8.401310436393348e-09, 9.14831312109693e-09, 1.000382986124674e-08, 1.0990923414729696e-08, 1.2139424076859348e-08, 1.348857950589815e-08, 1.509106015280322e-08, 1.701921518005726e-08, 1.9375231695507545e-08, 2.230843210410763e-08, 2.604650904514525e-08, 3.095634426337307e-08, 3.7674978809933815e-08, 4.743496052560484e-08, 6.307416175576523e-08, 9.37276203117786e-08, 1.3715143860345222e-07, 1.0202353637319027e-07, 1.288142070511903e-08, -3.928489352805192e-08, -7.375702785344153e-08, -9.86561987922851e-08, -1.1711351536311318e-07, -1.3068282439052563e-07, -1.402355594745214e-07, -1.4628499964212897e-07, -1.4912661187567616e-07, -1.4890271001276214e-07, -1.4562889329501178e-07, -1.3919543092426226e-07, -1.2934396978778282e-07, -1.1560811371816513e-07, -9.718318301489386e-08, -7.262511933773067e-08, -3.9030374416312154e-08, 1.1021127045220444e-08, 9.755665233033168e-08, 1.3555694344734473e-07, 9.518559702631138e-08, 6.359701296609766e-08, 4.770028884785449e-08, 3.78335077996752e-08, 3.106059703778928e-08, 2.6119620850166783e-08, 2.2362152667196236e-08, 1.9416136906049022e-08, 1.7051256830428994e-08, 1.5116746772107573e-08, 1.350957448356381e-08, 1.2156870465693496e-08, 1.100563045013141e-08, 1.0016385112960834e-08, 9.159152586052594e-09, 8.410763813327419e-09, 7.753044759536428e-09, 7.1715506548133345e-09, 6.654665785838395e-09, 6.192951219868538e-09, 5.77866428568902e-09, 5.405399300456358e-09, 5.067815340765806e-09, 4.761427460435777e-09, 4.482444795997872e-09, 4.22764375988106e-09, 3.994267794019167e-09, 3.7799474418656535e-09, 3.5826361161890768e-09, 3.4005581005179266e-09, 3.2321661666536153e-09, 3.0761068090373773e-09, 2.9311915567447647e-09, 2.796373168160429e-09, 2.670725772884489e-09, 2.5534282244224147e-09, 2.443750078987868e-09, 2.341039733977398e-09, 2.2447143511889294e-09]}