{"x": [0.95, 0.951010101010101, 0.952020202020202, 0.953030303030303, 0.954040404040404, 0.955050505050505, 0.956060606060606, 0.9570707070707071, 0.9580808080808081, 0.9590909090909091, 0.9601010101010101, 0.961111111111111, 0.962121212121212, 0.9631313131313131, 0.9641414141414141, 0.9651515151515151, 0.9661616161616161, 0.9671717171717171, 0.9681818181818181, 0.9691919191919192, 0.9702020202020202, 0.9712121212121212, 0.9722222222222222, 0.9732323232323232, 0.9742424242424242, 0.9752525252525253, 0.9762626262626263, 0.9772727272727273, 0.9782828282828283, 0.9792929292929293, 0.9803030303030302, 0.9813131313131312, 0.9823232323232323, 0.9833333333333333, 0.9843434343434343, 0.9853535353535353, 0.9863636363636363, 0.9873737373737373, 0.9883838383838384, 0.9893939393939394, 0.9904040404040404, 0.9914141414141414, 0.9924242424242424, 0.9934343434343434, 0.9944444444444445, 0.9954545454545455, 0.9964646464646465, 0.9974747474747475, 0.9984848484848485, 0.9994949494949494, 1.0005050505050506, 1.0015151515151515, 1.0025252525252526, 1.0035353535353535, 1.0045454545454546, 1.0055555555555555, 1.0065656565656567, 1.0075757575757576, 1.0085858585858587, 1.0095959595959596, 1.0106060606060605, 1.0116161616161616, 1.0126262626262625, 1.0136363636363637, 1.0146464646464646, 1.0156565656565657, 1.0166666666666666, 1.0176767676767677, 1.0186868686868686, 1.0196969696969698, 1.0207070707070707, 1.0217171717171718, 1.0227272727272727, 1.0237373737373738, 1.0247474747474747, 1.0257575757575759, 1.0267676767676768, 1.027777777777778, 1.0287878787878788, 1.02979797979798, 1.0308080808080808, 1.0318181818181817, 1.0328282828282829, 1.0338383838383838, 1.034848484848485, 1.0358585858585858, 1.036868686868687, 1.0378787878787878, 1.038888888888889, 1.0398989898989899, 1.040909090909091, 1.041919191919192, 1.042929292929293, 1.043939393939394, 1.044949494949495, 1.045959595959596, 1.046969696969697, 1.047979797979798, 1.0489898989898991, 1.05], "y": [1.968488705266447e-09, 2.06084016192126e-09, 2.160113802783052e-09, 2.2670498537386854e-09, 2.382494472065555e-09, 2.5074192199552287e-09, 2.64294500529373e-09, 2.790371745815974e-09, 2.9512154256004155e-09, 3.127254813307556e-09, 3.3205909475769546e-09, 3.533723698428956e-09, 3.769651499168236e-09, 4.0320029855758985e-09, 4.325213335965077e-09, 4.654764417439136e-09, 5.02751799206785e-09, 5.452187957710627e-09, 5.940026184644516e-09, 6.505847221034692e-09, 7.169611357765863e-09, 7.958970163070413e-09, 8.91356464354012e-09, 1.0092740695300524e-08, 1.1590540483947576e-08, 1.3568135061024707e-08, 1.633587494429988e-08, 2.062218120962836e-08, 2.9180208521334334e-08, 1.7053187271376364e-07, 7.58385398137532e-07, 1.6602491342260857e-06, 2.5394311842181756e-06, 3.3698466588824592e-06, 4.150167995896575e-06, 4.8800477848514015e-06, 5.559429647498546e-06, 6.188378441280729e-06, 6.767019201455295e-06, 7.295510307945828e-06, 7.77403006031004e-06, 8.202769314156135e-06, 8.58192715488276e-06, 8.911708217813579e-06, 9.19232095848632e-06, 9.423976500668393e-06, 9.606887851916076e-06, 9.741269362892457e-06, 9.82733635338504e-06, 9.865304685885276e-06, 9.855391346670615e-06, 9.797813434697581e-06, 9.692788151218416e-06, 9.540533788893027e-06, 9.3412691247385e-06, 9.095213813274628e-06, 8.802588715339263e-06, 8.463616374753924e-06, 8.078521709038434e-06, 7.647533019736956e-06, 7.170883500549086e-06, 6.648813556400703e-06, 6.0815745123463994e-06, 5.469434852395653e-06, 4.81269142131406e-06, 4.111691353217177e-06, 3.3668804790896202e-06, 2.5789314250900027e-06, 1.7492114240220314e-06, 8.856566982702953e-07, 2.4175400866010123e-07, 3.206052720263089e-08, 2.1394832487307696e-08, 1.6736192758823446e-08, 1.3815976054014887e-08, 1.1759114079717768e-08, 1.0214515070641023e-08, 9.00536098547403e-09, 8.030425191893911e-09, 7.226654480090641e-09, 6.5523282946963554e-09, 5.978552555752468e-09, 5.484586753444645e-09, 5.055106270776665e-09, 4.6785144508119224e-09, 4.345857662946048e-09, 4.050103376841414e-09, 3.785645500734188e-09, 3.547956811180481e-09, 3.3333393487893217e-09, 3.138741705547313e-09, 2.961622997061225e-09, 2.799850053885477e-09, 2.6516186632464467e-09, 2.5153924950057232e-09, 2.3898552151203417e-09, 2.273872559019495e-09, 2.1664620152779025e-09, 2.0667683864059825e-09, 1.9740439331996482e-09], "errors": [null, null, null, null, null, null, null, null, null, null, null, null, null, null, null, null, null, null, null, null, null, null, null, null, null, null, null, null, null, null, null, null, null, null, null, null, null, null, null, null, null, null, null, null, null, null, null, null, null, null, null, null, null, null, null, null, null, null, null, null, null, null, null, null, null, null, null, null, null, null, null, null, null, null, null, null, null, null, null, null, null, null, null, null, null, null, null, null, null, null, null, null, null, null, null, null, null, null, null, null], "metadata": {"calculation": "density", "integration method": "square", "date": "2022-05-01 19:09:12.497919"}}