{"x": [0.95, 0.951010101010101, 0.952020202020202, 0.953030303030303, 0.954040404040404, 0.955050505050505, 0.956060606060606, 0.9570707070707071, 0.9580808080808081, 0.9590909090909091, 0.9601010101010101, 0.961111111111111, 0.962121212121212, 0.9631313131313131, 0.9641414141414141, 0.9651515151515151, 0.9661616161616161, 0.9671717171717171, 0.9681818181818181, 0.9691919191919192, 0.9702020202020202, 0.9712121212121212, 0.9722222222222222, 0.9732323232323232, 0.9742424242424242, 0.9752525252525253, 0.9762626262626263, 0.9772727272727273, 0.9782828282828283, 0.9792929292929293, 0.9803030303030302, 0.9813131313131312, 0.9823232323232323, 0.9833333333333333, 0.9843434343434343, 0.9853535353535353, 0.9863636363636363, 0.9873737373737373, 0.9883838383838384, 0.9893939393939394, 0.9904040404040404, 0.9914141414141414, 0.9924242424242424, 0.9934343434343434, 0.9944444444444445, 0.9954545454545455, 0.9964646464646465, 0.9974747474747475, 0.9984848484848485, 0.9994949494949494, 1.0005050505050506, 1.0015151515151515, 1.0025252525252526, 1.0035353535353535, 1.0045454545454546, 1.0055555555555555, 1.0065656565656567, 1.0075757575757576, 1.0085858585858587, 1.0095959595959596, 1.0106060606060605, 1.0116161616161616, 1.0126262626262625, 1.0136363636363637, 1.0146464646464646, 1.0156565656565657, 1.0166666666666666, 1.0176767676767677, 1.0186868686868686, 1.0196969696969698, 1.0207070707070707, 1.0217171717171718, 1.0227272727272727, 1.0237373737373738, 1.0247474747474747, 1.0257575757575759, 1.0267676767676768, 1.027777777777778, 1.0287878787878788, 1.02979797979798, 1.0308080808080808, 1.0318181818181817, 1.0328282828282829, 1.0338383838383838, 1.034848484848485, 1.0358585858585858, 1.036868686868687, 1.0378787878787878, 1.038888888888889, 1.0398989898989899, 1.040909090909091, 1.041919191919192, 1.042929292929293, 1.043939393939394, 1.044949494949495, 1.045959595959596, 1.046969696969697, 1.047979797979798, 1.0489898989898991, 1.05], "y": [-2.24042206170864e-08, -2.3354764770217522e-08, -2.43672321180509e-08, -2.544714804501129e-08, -2.6600671102937676e-08, -2.783468247539316e-08, -2.9156890595032694e-08, -3.057595392666985e-08, -3.210162562174795e-08, -3.374492462121501e-08, -3.55183388929302e-08, -3.7436067901995125e-08, -3.951431322570981e-08, -4.1771628567001697e-08, -4.4229343462377404e-08, -4.691207896116333e-08, -4.9848378793573944e-08, -5.3071486498837014e-08, -5.662030826880568e-08, -6.054061375684224e-08, -6.488654403475023e-08, -6.972251898646335e-08, -7.512566817886539e-08, -8.118895312545086e-08, -8.802520976926894e-08, -9.577242474734687e-08, -1.0460067665825478e-07, -1.1472133548322897e-07, -1.2639933138878508e-07, -1.3996958421726088e-07, -1.5585900754523529e-07, -1.7461576982162473e-07, -1.969474079836863e-07, -2.2376814102472055e-07, -2.562514016120713e-07, -2.958722149111788e-07, -3.4439941973871696e-07, -4.0375734447310677e-07, -4.7564471062670134e-07, -5.608592093649928e-07, -6.58518211524912e-07, -7.656463002247021e-07, -8.775054698731779e-07, -9.88510231062462e-07, -1.09318772424388e-06, -1.1867920005703081e-06, -1.2655366050663857e-06, -1.3265916905509484e-06, -1.3679880878964532e-06, -1.3885105183400168e-06, -1.387615445297725e-06, -1.3653854225137153e-06, -1.32252254910425e-06, -1.2603804227798198e-06, -1.18103091899883e-06, -1.0873535950494192e-06, -9.831139707182956e-07, -8.729548728153487e-07, -7.621713314362509e-07, -6.561365193364322e-07, -5.594093433964309e-07, -4.748761415514198e-07, -4.034252669971851e-07, -3.443178503092897e-07, -2.9592123044305327e-07, -2.563615175747381e-07, -2.239018265885554e-07, -1.9708544959952974e-07, -1.7474890135348676e-07, -1.5598319662947587e-07, -1.4008348329120932e-07, -1.2650292514462942e-07, -1.1481523068310378e-07, -1.046857332821015e-07, -9.584956807659549e-08, -8.809533830098774e-08, -8.125289704622881e-08, -7.518417420692643e-08, -6.977624861122092e-08, -6.493607820087016e-08, -6.058646029241397e-08, -5.6662910123214025e-08, -5.311122981693735e-08, -4.988560037278191e-08, -4.6947072917596105e-08, -4.426236707565295e-08, -4.180290734590009e-08, -3.954404526802828e-08, -3.7464427631473555e-08, -3.554548025606693e-08, -3.377098381995665e-08, -3.212672345006758e-08, -3.0600197770108164e-08, -2.91803761442842e-08, -2.7857495197244488e-08, -2.6622887505205066e-08, -2.5468836766896307e-08, -2.438845487166405e-08, -2.3375577155620762e-08, -2.2424672829353816e-08], "errors": [null, null, null, null, null, null, null, null, null, null, null, null, null, null, null, null, null, null, null, null, null, null, null, null, null, null, null, null, null, null, null, null, null, null, null, null, null, null, null, null, null, null, null, null, null, null, null, null, null, null, null, null, null, null, null, null, null, null, null, null, null, null, null, null, null, null, null, null, null, null, null, null, null, null, null, null, null, null, null, null, null, null, null, null, null, null, null, null, null, null, null, null, null, null, null, null, null, null, null, null], "metadata": {"calculation": "density", "integration method": "square", "date": "2022-05-01 18:38:23.921472"}}