{"x": [0.85, 0.853030303030303, 0.8560606060606061, 0.859090909090909, 0.8621212121212121, 0.8651515151515151, 0.8681818181818182, 0.8712121212121212, 0.8742424242424243, 0.8772727272727272, 0.8803030303030303, 0.8833333333333333, 0.8863636363636364, 0.8893939393939394, 0.8924242424242423, 0.8954545454545454, 0.8984848484848484, 0.9015151515151515, 0.9045454545454545, 0.9075757575757575, 0.9106060606060605, 0.9136363636363636, 0.9166666666666666, 0.9196969696969697, 0.9227272727272727, 0.9257575757575757, 0.9287878787878787, 0.9318181818181818, 0.9348484848484848, 0.9378787878787879, 0.9409090909090909, 0.9439393939393939, 0.9469696969696969, 0.95, 0.953030303030303, 0.956060606060606, 0.959090909090909, 0.962121212121212, 0.9651515151515151, 0.9681818181818181, 0.9712121212121212, 0.9742424242424241, 0.9772727272727272, 0.9803030303030302, 0.9833333333333333, 0.9863636363636363, 0.9893939393939393, 0.9924242424242423, 0.9954545454545454, 0.9984848484848484, 1.0015151515151515, 1.0045454545454544, 1.0075757575757576, 1.0106060606060605, 1.0136363636363637, 1.0166666666666666, 1.0196969696969695, 1.0227272727272727, 1.0257575757575756, 1.0287878787878788, 1.0318181818181817, 1.0348484848484847, 1.0378787878787878, 1.0409090909090908, 1.043939393939394, 1.0469696969696969, 1.0499999999999998, 1.053030303030303, 1.056060606060606, 1.059090909090909, 1.062121212121212, 1.065151515151515, 1.0681818181818181, 1.071212121212121, 1.0742424242424242, 1.0772727272727272, 1.08030303030303, 1.0833333333333333, 1.0863636363636362, 1.0893939393939394, 1.0924242424242423, 1.0954545454545455, 1.0984848484848484, 1.1015151515151516, 1.1045454545454545, 1.1075757575757574, 1.1106060606060604, 1.1136363636363635, 1.1166666666666667, 1.1196969696969696, 1.1227272727272726, 1.1257575757575757, 1.1287878787878787, 1.1318181818181818, 1.1348484848484848, 1.1378787878787877, 1.1409090909090909, 1.1439393939393938, 1.146969696969697, 1.15], "y": [-1.925693726033075e-08, -2.009779665548789e-08, -2.0992772272788038e-08, -2.1946662105397487e-08, -2.2964809463883532e-08, -2.4053179402066672e-08, -2.5218447994951834e-08, -2.6468107003452434e-08, -2.781058705112702e-08, -2.9255403167876268e-08, -3.081332748882109e-08, -3.249659509087555e-08, -3.431915047427666e-08, -3.629694418532279e-08, -3.844829165380541e-08, -4.079430971784677e-08, -4.335945080352787e-08, -4.6172160724514286e-08, -4.926569417273586e-08, -5.2679132971577496e-08, -5.645866733788329e-08, -6.065922145943641e-08, -6.534653439023188e-08, -7.059984959682503e-08, -7.651542773358157e-08, -8.321118719878757e-08, -9.08329114111802e-08, -9.956266618044988e-08, -1.096303878609876e-07, -1.2133010648924107e-07, -1.3504308704371508e-07, -1.512715408688399e-07, -1.706889190833544e-07, -1.9421701124136573e-07, -2.2314789028485824e-07, -2.5934392256494385e-07, -3.055800756396836e-07, -3.661599226407809e-07, -4.4809188332786606e-07, -5.634948300478478e-07, -7.348868044927285e-07, -1.0073043641245268e-06, -1.471443828024584e-06, -2.254573238840067e-06, -3.3439352425896984e-06, -4.517985753586483e-06, -5.578475043666777e-06, -6.420436785233771e-06, -6.993451703970367e-06, -7.274580246533136e-06, -7.256509153011413e-06, -6.943071271337702e-06, -6.348885217663387e-06, -5.502885432220545e-06, -4.458287728512097e-06, -3.3153426321720687e-06, -2.254206595641151e-06, -1.4794581809568388e-06, -1.0134914040440335e-06, -7.388342316339328e-07, -5.660664187599966e-07, -4.498554283166953e-07, -3.674311617137931e-07, -3.065372613874698e-07, -2.6009229127292195e-07, -2.2375251449049917e-07, -1.9471984522104921e-07, -1.7111801483048466e-07, -1.5164625438475585e-07, -1.3537714289305134e-07, -1.2163346974130184e-07, -1.0991044585446668e-07, -9.982499671763212e-08, -9.108179526526538e-08, -8.344995805814802e-08, -7.674671615567278e-08, -7.082575628122595e-08, -6.556875533906243e-08, -6.087913977955649e-08, -5.667742151928219e-08, -5.2897668320046504e-08, -4.9484802009147095e-08, -4.639250858310581e-08, -4.35816059265212e-08, -4.101875750713524e-08, -3.8675450281964257e-08, -3.652717626187591e-08, -3.4552772427085664e-08, -3.273388476517762e-08, -3.1054530341835947e-08, -2.9500737349164513e-08, -2.806024759475198e-08, -2.6722269304691773e-08, -2.547727071055903e-08, -2.431680687972669e-08, -2.323337378782106e-08, -2.2220284826573777e-08, -2.1271565877977245e-08, -2.0381865821523402e-08, -1.95463799263905e-08], "errors": [null, null, null, null, null, null, null, null, null, null, null, null, null, null, null, null, null, null, null, null, null, null, null, null, null, null, null, null, null, null, null, null, null, null, null, null, null, null, null, null, null, null, null, null, null, null, null, null, null, null, null, null, null, null, null, null, null, null, null, null, null, null, null, null, null, null, null, null, null, null, null, null, null, null, null, null, null, null, null, null, null, null, null, null, null, null, null, null, null, null, null, null, null, null, null, null, null, null, null, null], "metadata": {"calculation": "density", "integration method": "square", "date": "2022-05-01 16:34:26.163205"}}