{"x": [0.85, 0.853030303030303, 0.8560606060606061, 0.859090909090909, 0.8621212121212121, 0.8651515151515151, 0.8681818181818182, 0.8712121212121212, 0.8742424242424243, 0.8772727272727272, 0.8803030303030303, 0.8833333333333333, 0.8863636363636364, 0.8893939393939394, 0.8924242424242423, 0.8954545454545454, 0.8984848484848484, 0.9015151515151515, 0.9045454545454545, 0.9075757575757575, 0.9106060606060605, 0.9136363636363636, 0.9166666666666666, 0.9196969696969697, 0.9227272727272727, 0.9257575757575757, 0.9287878787878787, 0.9318181818181818, 0.9348484848484848, 0.9378787878787879, 0.9409090909090909, 0.9439393939393939, 0.9469696969696969, 0.95, 0.953030303030303, 0.956060606060606, 0.959090909090909, 0.962121212121212, 0.9651515151515151, 0.9681818181818181, 0.9712121212121212, 0.9742424242424241, 0.9772727272727272, 0.9803030303030302, 0.9833333333333333, 0.9863636363636363, 0.9893939393939393, 0.9924242424242423, 0.9954545454545454, 0.9984848484848484, 1.0015151515151515, 1.0045454545454544, 1.0075757575757576, 1.0106060606060605, 1.0136363636363637, 1.0166666666666666, 1.0196969696969695, 1.0227272727272727, 1.0257575757575756, 1.0287878787878788, 1.0318181818181817, 1.0348484848484847, 1.0378787878787878, 1.0409090909090908, 1.043939393939394, 1.0469696969696969, 1.0499999999999998, 1.053030303030303, 1.056060606060606, 1.059090909090909, 1.062121212121212, 1.065151515151515, 1.0681818181818181, 1.071212121212121, 1.0742424242424242, 1.0772727272727272, 1.08030303030303, 1.0833333333333333, 1.0863636363636362, 1.0893939393939394, 1.0924242424242423, 1.0954545454545455, 1.0984848484848484, 1.1015151515151516, 1.1045454545454545, 1.1075757575757574, 1.1106060606060604, 1.1136363636363635, 1.1166666666666667, 1.1196969696969696, 1.1227272727272726, 1.1257575757575757, 1.1287878787878787, 1.1318181818181818, 1.1348484848484848, 1.1378787878787877, 1.1409090909090909, 1.1439393939393938, 1.146969696969697, 1.15], "y": [-1.715856564549144e-07, -1.7827950225315888e-07, -1.8533747490374962e-07, -1.9278534667713116e-07, -2.0065105267635741e-07, -2.089648908688227e-07, -2.1775974030240031e-07, -2.270712986147591e-07, -2.3693833977918e-07, -2.4740299276228434e-07, -2.585110413533714e-07, -2.7031224481294583e-07, -2.828606781040484e-07, -2.9621508923785025e-07, -3.104392695585085e-07, -3.256024304807868e-07, -3.417795770710589e-07, -3.59051864727379e-07, -3.775069197492594e-07, -3.972390974713735e-07, -4.183496424503308e-07, -4.409467034712671e-07, -4.651451413934111e-07, -4.91066049598051e-07, -5.18835884640921e-07, -5.485850785243657e-07, -5.804459741633744e-07, -6.145498932701409e-07, -6.510231136515703e-07, -6.899815052882393e-07, -7.315235589613376e-07, -7.757215485635748e-07, -8.226106137045218e-07, -8.721756519231605e-07, -9.243360911744301e-07, -9.789288930466552e-07, -1.0356905263115936e-06, -1.0942391404328865e-06, -1.154058719334855e-06, -1.214487524603736e-06, -1.2747135179604586e-06, -1.3337795291097886e-06, -1.3906005563188014e-06, -1.4439946604988602e-06, -1.4927274585255204e-06, -1.5355684014531283e-06, -1.571355132906642e-06, -1.5990606254973486e-06, -1.6178568256582289e-06, -1.6271684202754482e-06, -1.6267111237149124e-06, -1.6165104548654704e-06, -1.5968990876699727e-06, -1.5684932041852857e-06, -1.5321505302391426e-06, -1.488914589572557e-06, -1.4399509308361688e-06, -1.386481511835504e-06, -1.3297230373094673e-06, -1.2708339475988603e-06, -1.2108731761908543e-06, -1.1507720383702718e-06, -1.0913189859337066e-06, -1.0331556989227273e-06, -9.767822051290118e-07, -9.225684232826342e-07, -8.707696275982918e-07, -8.215436958095477e-07, -7.749684935848945e-07, -7.310582552155746e-07, -6.897782715650561e-07, -6.510575558669536e-07, -6.147994181835521e-07, -5.808900495840457e-07, -5.492053148168163e-07, -5.196159967168466e-07, -4.91991744139618e-07, -4.662039618070149e-07, -4.4212785527916025e-07, -4.1964381432338843e-07, -3.9863828758503434e-07, -3.7900427319188614e-07, -3.606415249556771e-07, -3.434565525871679e-07, -3.273624767317261e-07, -3.1227878534676224e-07, -2.981310265408035e-07, -2.8485046401556513e-07, -2.723737142706009e-07, -2.6064237935406145e-07, -2.4960268484904265e-07, -2.3920512969231237e-07, -2.294041521162206e-07, -2.201578143003473e-07, -2.114275070788213e-07, -2.0317767515760587e-07, -1.9537556267452276e-07, -1.8799097850663394e-07, -1.8099608045209363e-07, -1.7436517724208953e-07], "errors": [null, null, null, null, null, null, null, null, null, null, null, null, null, null, null, null, null, null, null, null, null, null, null, null, null, null, null, null, null, null, null, null, null, null, null, null, null, null, null, null, null, null, null, null, null, null, null, null, null, null, null, null, null, null, null, null, null, null, null, null, null, null, null, null, null, null, null, null, null, null, null, null, null, null, null, null, null, null, null, null, null, null, null, null, null, null, null, null, null, null, null, null, null, null, null, null, null, null, null, null], "metadata": {"calculation": "density", "integration method": "square", "date": "2022-05-01 16:55:56.695475"}}