{"x": [0.85, 0.853030303030303, 0.8560606060606061, 0.859090909090909, 0.8621212121212121, 0.8651515151515151, 0.8681818181818182, 0.8712121212121212, 0.8742424242424243, 0.8772727272727272, 0.8803030303030303, 0.8833333333333333, 0.8863636363636364, 0.8893939393939394, 0.8924242424242423, 0.8954545454545454, 0.8984848484848484, 0.9015151515151515, 0.9045454545454545, 0.9075757575757575, 0.9106060606060605, 0.9136363636363636, 0.9166666666666666, 0.9196969696969697, 0.9227272727272727, 0.9257575757575757, 0.9287878787878787, 0.9318181818181818, 0.9348484848484848, 0.9378787878787879, 0.9409090909090909, 0.9439393939393939, 0.9469696969696969, 0.95, 0.953030303030303, 0.956060606060606, 0.959090909090909, 0.962121212121212, 0.9651515151515151, 0.9681818181818181, 0.9712121212121212, 0.9742424242424241, 0.9772727272727272, 0.9803030303030302, 0.9833333333333333, 0.9863636363636363, 0.9893939393939393, 0.9924242424242423, 0.9954545454545454, 0.9984848484848484, 1.0015151515151515, 1.0045454545454544, 1.0075757575757576, 1.0106060606060605, 1.0136363636363637, 1.0166666666666666, 1.0196969696969695, 1.0227272727272727, 1.0257575757575756, 1.0287878787878788, 1.0318181818181817, 1.0348484848484847, 1.0378787878787878, 1.0409090909090908, 1.043939393939394, 1.0469696969696969, 1.0499999999999998, 1.053030303030303, 1.056060606060606, 1.059090909090909, 1.062121212121212, 1.065151515151515, 1.0681818181818181, 1.071212121212121, 1.0742424242424242, 1.0772727272727272, 1.08030303030303, 1.0833333333333333, 1.0863636363636362, 1.0893939393939394, 1.0924242424242423, 1.0954545454545455, 1.0984848484848484, 1.1015151515151516, 1.1045454545454545, 1.1075757575757574, 1.1106060606060604, 1.1136363636363635, 1.1166666666666667, 1.1196969696969696, 1.1227272727272726, 1.1257575757575757, 1.1287878787878787, 1.1318181818181818, 1.1348484848484848, 1.1378787878787877, 1.1409090909090909, 1.1439393939393938, 1.146969696969697, 1.15], "y": [-2.1305373698599818e-08, -2.213200252611116e-08, -2.3003295837751404e-08, -2.3922394873681458e-08, -2.489270342099371e-08, -2.591791217139777e-08, -2.7002025351505363e-08, -2.8149389787961304e-08, -2.93647265587182e-08, -3.065316536289512e-08, -3.202028170676309e-08, -3.3472136951757415e-08, -3.501532119094714e-08, -3.66569988082306e-08, -3.840495641511079e-08, -4.026765263944923e-08, -4.225426894081705e-08, -4.4374760221722906e-08, -4.663990346196837e-08, -4.9061341888183824e-08, -5.165162125093729e-08, -5.442421356057256e-08, -5.7393522065784646e-08, -6.057485926018082e-08, -6.39843872007861e-08, -6.763900632886243e-08, -7.15561752481197e-08, -7.575363951758937e-08, -8.024904253749066e-08, -8.50593862737124e-08, -9.020030436090943e-08, -9.568510589839377e-08, -1.0152354639623211e-07, -1.0772028492820889e-07, -1.1427299653533031e-07, -1.2117013008774387e-07, -1.2838833854535298e-07, -1.3588966513053824e-07, -1.4361864802565166e-07, -1.514996066132682e-07, -1.594344857414609e-07, -1.673017425653543e-07, -1.7495683275365823e-07, -1.822348488280851e-07, -1.8895574082376847e-07, -1.9493227935170269e-07, -1.9998050740754967e-07, -2.039319231337498e-07, -2.0664614635921189e-07, -2.080224842786667e-07, -2.0800875320247168e-07, -2.066060001594505e-07, -2.0386836894332497e-07, -1.9989813905289131e-07, -1.9483674099289345e-07, -1.8885312939446597e-07, -1.8213115461669936e-07, -1.7485749249868268e-07, -1.6721134326438667e-07, -1.593566221052992e-07, -1.514368691967364e-07, -1.4357270569333106e-07, -1.358614033518591e-07, -1.283780203815307e-07, -1.2117755559097436e-07, -1.1429764549617711e-07, -1.0776143564218871e-07, -1.0158036868599511e-07, -9.575673007715741e-08, -9.02858695831577e-08, -8.515807230453459e-08, -8.036008884697204e-08, -7.587635511520352e-08, -7.16899420475822e-08, -6.778327821180657e-08, -6.41386863956787e-08, -6.073877119823131e-08, -5.7566689519398855e-08, -5.4606330601181626e-08, -5.184242736674887e-08, -4.9260616464382905e-08, -4.6847460729259227e-08, -4.459044471689556e-08, -4.2477951480625214e-08, -4.0499226786128344e-08, -3.864433539658461e-08, -3.690411285018564e-08, -3.527011521619631e-08, -3.3734568602980744e-08, -3.2290319651484683e-08, -3.093078784354035e-08, -2.9649920153896478e-08, -2.844214835536394e-08, -2.7302349126582077e-08, -2.6225806999080024e-08, -2.5208180101306084e-08, -2.4245468604256496e-08, -2.3333985739261055e-08, -2.2470331238073914e-08, -2.165136703559246e-08], "errors": [null, null, null, null, null, null, null, null, null, null, null, null, null, null, null, null, null, null, null, null, null, null, null, null, null, null, null, null, null, null, null, null, null, null, null, null, null, null, null, null, null, null, null, null, null, null, null, null, null, null, null, null, null, null, null, null, null, null, null, null, null, null, null, null, null, null, null, null, null, null, null, null, null, null, null, null, null, null, null, null, null, null, null, null, null, null, null, null, null, null, null, null, null, null, null, null, null, null, null, null], "metadata": {"calculation": "density", "integration method": "square", "date": "2022-05-01 16:54:48.433173"}}