{"x": [0.95, 0.951010101010101, 0.952020202020202, 0.953030303030303, 0.954040404040404, 0.955050505050505, 0.956060606060606, 0.9570707070707071, 0.9580808080808081, 0.9590909090909091, 0.9601010101010101, 0.961111111111111, 0.962121212121212, 0.9631313131313131, 0.9641414141414141, 0.9651515151515151, 0.9661616161616161, 0.9671717171717171, 0.9681818181818181, 0.9691919191919192, 0.9702020202020202, 0.9712121212121212, 0.9722222222222222, 0.9732323232323232, 0.9742424242424242, 0.9752525252525253, 0.9762626262626263, 0.9772727272727273, 0.9782828282828283, 0.9792929292929293, 0.9803030303030302, 0.9813131313131312, 0.9823232323232323, 0.9833333333333333, 0.9843434343434343, 0.9853535353535353, 0.9863636363636363, 0.9873737373737373, 0.9883838383838384, 0.9893939393939394, 0.9904040404040404, 0.9914141414141414, 0.9924242424242424, 0.9934343434343434, 0.9944444444444445, 0.9954545454545455, 0.9964646464646465, 0.9974747474747475, 0.9984848484848485, 0.9994949494949494, 1.0005050505050506, 1.0015151515151515, 1.0025252525252526, 1.0035353535353535, 1.0045454545454546, 1.0055555555555555, 1.0065656565656567, 1.0075757575757576, 1.0085858585858587, 1.0095959595959596, 1.0106060606060605, 1.0116161616161616, 1.0126262626262625, 1.0136363636363637, 1.0146464646464646, 1.0156565656565657, 1.0166666666666666, 1.0176767676767677, 1.0186868686868686, 1.0196969696969698, 1.0207070707070707, 1.0217171717171718, 1.0227272727272727, 1.0237373737373738, 1.0247474747474747, 1.0257575757575759, 1.0267676767676768, 1.027777777777778, 1.0287878787878788, 1.02979797979798, 1.0308080808080808, 1.0318181818181817, 1.0328282828282829, 1.0338383838383838, 1.034848484848485, 1.0358585858585858, 1.036868686868687, 1.0378787878787878, 1.038888888888889, 1.0398989898989899, 1.040909090909091, 1.041919191919192, 1.042929292929293, 1.043939393939394, 1.044949494949495, 1.045959595959596, 1.046969696969697, 1.047979797979798, 1.0489898989898991, 1.05], "y": [-1.9421701124136573e-07, -2.03182592543028e-07, -2.1280367215188087e-07, -2.2314789028485824e-07, -2.3429210571866336e-07, -2.463239842877756e-07, -2.5934392256494385e-07, -2.734673911344519e-07, -2.8882780672437745e-07, -3.055800756395808e-07, -3.2390499563877046e-07, -3.440147640340932e-07, -3.661599226407809e-07, -3.9063818412673396e-07, -4.1780574180777505e-07, -4.4809188332786606e-07, -4.820180313839345e-07, -5.202227514565004e-07, -5.634948300478478e-07, -6.128172585968167e-07, -6.694258244400984e-07, -7.348868044927285e-07, -8.111983031976112e-07, -9.009172330682818e-07, -1.0073043641244533e-06, -1.1344540152591665e-06, -1.287318417736378e-06, -1.4714438280244813e-06, -1.6921625416268004e-06, -1.9531225816106536e-06, -2.254573238840067e-06, -2.5924185651588698e-06, -2.958812229407544e-06, -3.3439352425896984e-06, -3.7378500982301273e-06, -4.1316692863474795e-06, -4.517985753586483e-06, -4.8908519420072646e-06, -5.245574700769962e-06, -5.578475043666968e-06, -5.886673201682723e-06, -6.167914853011236e-06, -6.420436785233756e-06, -6.6428650849038735e-06, -6.8341386149547925e-06, -6.9934517039699254e-06, -7.120211367010424e-06, -7.214005598903568e-06, -7.274580246533209e-06, -7.301822703490146e-06, -7.295751231730398e-06, -7.256509153011413e-06, -7.1843635119379895e-06, -7.079708129168872e-06, -6.943071271337614e-06, -6.775128495803812e-06, -6.576721616365841e-06, -6.348885217663387e-06, -6.092882763303708e-06, -5.810255135970532e-06, -5.502885432220545e-06, -5.1730849345568025e-06, -4.823706060333599e-06, -4.458287728512097e-06, -4.081234398333671e-06, -3.698016159255553e-06, -3.3153426321720687e-06, -2.9411944429923913e-06, -2.584499529092993e-06, -2.254206595641268e-06, -1.9577372645043865e-06, -1.699363810480376e-06, -1.4794581809568388e-06, -1.2950952769200086e-06, -1.141508016089507e-06, -1.0134914040440795e-06, -9.062614738308983e-07, -8.157905636857147e-07, -7.388342316339328e-07, -6.728302934080806e-07, -6.157678275798497e-07, -5.660664187599966e-07, -5.224772704383773e-07, -4.840062665927902e-07, -4.498554283167081e-07, -4.193787173344507e-07, -3.9204867824717516e-07, -3.674311617137931e-07, -3.4516605130850786e-07, -3.2495245883006384e-07, -3.065372613874781e-07, -2.897061538242861e-07, -2.7427660832437457e-07, -2.6009229127292195e-07, -2.4701860232305943e-07, -2.3493908436420386e-07, -2.2375251449049093e-07, -2.1337053138229506e-07, -2.0371568818970529e-07, -1.9471984522104464e-07], "errors": [null, null, null, null, null, null, null, null, null, null, null, null, null, null, null, null, null, null, null, null, null, null, null, null, null, null, null, null, null, null, null, null, null, null, null, null, null, null, null, null, null, null, null, null, null, null, null, null, null, null, null, null, null, null, null, null, null, null, null, null, null, null, null, null, null, null, null, null, null, null, null, null, null, null, null, null, null, null, null, null, null, null, null, null, null, null, null, null, null, null, null, null, null, null, null, null, null, null, null, null], "metadata": {"calculation": "density", "integration method": "square", "date": "2022-05-01 18:39:01.730539"}}