{"x": [0.85, 0.853030303030303, 0.8560606060606061, 0.859090909090909, 0.8621212121212121, 0.8651515151515151, 0.8681818181818182, 0.8712121212121212, 0.8742424242424243, 0.8772727272727272, 0.8803030303030303, 0.8833333333333333, 0.8863636363636364, 0.8893939393939394, 0.8924242424242423, 0.8954545454545454, 0.8984848484848484, 0.9015151515151515, 0.9045454545454545, 0.9075757575757575, 0.9106060606060605, 0.9136363636363636, 0.9166666666666666, 0.9196969696969697, 0.9227272727272727, 0.9257575757575757, 0.9287878787878787, 0.9318181818181818, 0.9348484848484848, 0.9378787878787879, 0.9409090909090909, 0.9439393939393939, 0.9469696969696969, 0.95, 0.953030303030303, 0.956060606060606, 0.959090909090909, 0.962121212121212, 0.9651515151515151, 0.9681818181818181, 0.9712121212121212, 0.9742424242424241, 0.9772727272727272, 0.9803030303030302, 0.9833333333333333, 0.9863636363636363, 0.9893939393939393, 0.9924242424242423, 0.9954545454545454, 0.9984848484848484, 1.0015151515151515, 1.0045454545454544, 1.0075757575757576, 1.0106060606060605, 1.0136363636363637, 1.0166666666666666, 1.0196969696969695, 1.0227272727272727, 1.0257575757575756, 1.0287878787878788, 1.0318181818181817, 1.0348484848484847, 1.0378787878787878, 1.0409090909090908, 1.043939393939394, 1.0469696969696969, 1.0499999999999998, 1.053030303030303, 1.056060606060606, 1.059090909090909, 1.062121212121212, 1.065151515151515, 1.0681818181818181, 1.071212121212121, 1.0742424242424242, 1.0772727272727272, 1.08030303030303, 1.0833333333333333, 1.0863636363636362, 1.0893939393939394, 1.0924242424242423, 1.0954545454545455, 1.0984848484848484, 1.1015151515151516, 1.1045454545454545, 1.1075757575757574, 1.1106060606060604, 1.1136363636363635, 1.1166666666666667, 1.1196969696969696, 1.1227272727272726, 1.1257575757575757, 1.1287878787878787, 1.1318181818181818, 1.1348484848484848, 1.1378787878787877, 1.1409090909090909, 1.1439393939393938, 1.146969696969697, 1.15], "y": [-2.3867689004622807e-09, -2.490117302787805e-09, -2.6000365882004842e-09, -2.7171003637638327e-09, -2.8419461872630098e-09, -2.9752843251996394e-09, -3.117907943896424e-09, -3.2707050081236252e-09, -3.4346722222497936e-09, -3.6109314251748917e-09, -3.8007489461810715e-09, -4.005558548749768e-09, -4.226988743987937e-09, -4.466895453238508e-09, -4.727401250777193e-09, -5.010942750333092e-09, -5.320328126039063e-09, -5.658807326844918e-09, -6.03015829356945e-09, -6.438793492616468e-09, -6.889892434879622e-09, -7.389567697110694e-09, -7.945074501567236e-09, -8.565077445774123e-09, -9.25999294546299e-09, -1.0042433036916461e-08, -1.0927786407658731e-08, -1.1934987494806484e-08, -1.3087546752974187e-08, -1.4414948864160096e-08, -1.595457753422012e-08, -1.775440705063912e-08, -1.987683179228162e-08, -2.24042206170864e-08, -2.544714804501129e-08, -2.9156890595032694e-08, -3.3744924621209494e-08, -3.951431322570981e-08, -4.691207896116333e-08, -5.662030826880568e-08, -6.972251898646335e-08, -8.802520976927629e-08, -1.1472133548323081e-07, -1.5585900754523529e-07, -2.2376814102472055e-07, -3.4439941973871696e-07, -5.608592093649819e-07, -8.775054698731558e-07, -1.1867920005703928e-06, -1.3679880878964384e-06, -1.3653854225137153e-06, -1.1810309189988502e-06, -8.729548728153487e-07, -5.594093433964309e-07, -3.443178503092897e-07, -2.239018265885554e-07, -1.559831966294699e-07, -1.1481523068310378e-07, -8.809533830098521e-08, -6.977624861122092e-08, -5.6662910123214025e-08, -4.694707291758933e-08, -3.954404526802828e-08, -3.377098381995183e-08, -2.91803761442842e-08, -2.546883676689401e-08, -2.2424672829356685e-08, -1.989645936547697e-08, -1.7773518035220172e-08, -1.597340601957679e-08, -1.4433675347166849e-08, -1.3106312288230514e-08, -1.195390369299829e-08, -1.0946942611893805e-08, -1.0061901548766848e-08, -9.27983288188332e-09, -8.585337621203424e-09, -7.965795606451037e-09, -7.410783961980289e-09, -6.911632914412094e-09, -6.461083065470704e-09, -6.0530184477434965e-09, -5.682256781392146e-09, -5.344383327368019e-09, -5.035618270657847e-09, -4.752710110703303e-09, -4.492849384373899e-09, -4.253598404022858e-09, -4.032833698454454e-09, -3.828698596386805e-09, -3.639563958778173e-09, -3.463995496607029e-09, -3.3007264410549575e-09, -3.148634586184456e-09, -3.0067229224153967e-09, -2.874103232350444e-09, -2.749982141961755e-09, -2.6336492158003186e-09, -2.524466760593114e-09, -2.4218610627034023e-09], "errors": [null, null, null, null, null, null, null, null, null, null, null, null, null, null, null, null, null, null, null, null, null, null, null, null, null, null, null, null, null, null, null, null, null, null, null, null, null, null, null, null, null, null, null, null, null, null, null, null, null, null, null, null, null, null, null, null, null, null, null, null, null, null, null, null, null, null, null, null, null, null, null, null, null, null, null, null, null, null, null, null, null, null, null, null, null, null, null, null, null, null, null, null, null, null, null, null, null, null, null, null], "metadata": {"calculation": "density", "integration method": "square", "date": "2022-05-01 16:34:00.819366"}}