{"x": [0.85, 0.853030303030303, 0.8560606060606061, 0.859090909090909, 0.8621212121212121, 0.8651515151515151, 0.8681818181818182, 0.8712121212121212, 0.8742424242424243, 0.8772727272727272, 0.8803030303030303, 0.8833333333333333, 0.8863636363636364, 0.8893939393939394, 0.8924242424242423, 0.8954545454545454, 0.8984848484848484, 0.9015151515151515, 0.9045454545454545, 0.9075757575757575, 0.9106060606060605, 0.9136363636363636, 0.9166666666666666, 0.9196969696969697, 0.9227272727272727, 0.9257575757575757, 0.9287878787878787, 0.9318181818181818, 0.9348484848484848, 0.9378787878787879, 0.9409090909090909, 0.9439393939393939, 0.9469696969696969, 0.95, 0.953030303030303, 0.956060606060606, 0.959090909090909, 0.962121212121212, 0.9651515151515151, 0.9681818181818181, 0.9712121212121212, 0.9742424242424241, 0.9772727272727272, 0.9803030303030302, 0.9833333333333333, 0.9863636363636363, 0.9893939393939393, 0.9924242424242423, 0.9954545454545454, 0.9984848484848484, 1.0015151515151515, 1.0045454545454544, 1.0075757575757576, 1.0106060606060605, 1.0136363636363637, 1.0166666666666666, 1.0196969696969695, 1.0227272727272727, 1.0257575757575756, 1.0287878787878788, 1.0318181818181817, 1.0348484848484847, 1.0378787878787878, 1.0409090909090908, 1.043939393939394, 1.0469696969696969, 1.0499999999999998, 1.053030303030303, 1.056060606060606, 1.059090909090909, 1.062121212121212, 1.065151515151515, 1.0681818181818181, 1.071212121212121, 1.0742424242424242, 1.0772727272727272, 1.08030303030303, 1.0833333333333333, 1.0863636363636362, 1.0893939393939394, 1.0924242424242423, 1.0954545454545455, 1.0984848484848484, 1.1015151515151516, 1.1045454545454545, 1.1075757575757574, 1.1106060606060604, 1.1136363636363635, 1.1166666666666667, 1.1196969696969696, 1.1227272727272726, 1.1257575757575757, 1.1287878787878787, 1.1318181818181818, 1.1348484848484848, 1.1378787878787877, 1.1409090909090909, 1.1439393939393938, 1.146969696969697, 1.15], "y": [-5.856376361306268e-07, -6.086944404698259e-07, -6.33019543241916e-07, -6.587036356618953e-07, -6.858450631677305e-07, -7.145505273735357e-07, -7.449358483155679e-07, -7.771267892827168e-07, -8.112599453502636e-07, -8.474836951038621e-07, -8.859592125778205e-07, -9.268615330357731e-07, -9.703806614807383e-07, -1.0167227063555806e-06, -1.0661110122259543e-06, -1.1187872537207749e-06, -1.1750124378496309e-06, -1.2350677420997283e-06, -1.2992550903451957e-06, -1.3678973364290026e-06, -1.4413378850437325e-06, -1.5199395301564073e-06, -1.6040822321520733e-06, -1.6941594861164958e-06, -1.7905728573262377e-06, -1.8937241802820878e-06, -2.0040048429923577e-06, -2.1217815225883134e-06, -2.247377722917822e-06, -2.3810505190680774e-06, -2.5229620758010086e-06, -2.6731458196844595e-06, -2.8314676494437654e-06, -2.997583291216035e-06, -3.1708938354798477e-06, -3.3505025639085547e-06, -3.535177245010958e-06, -3.7233229286575713e-06, -3.9129706336974666e-06, -4.1017869462952275e-06, -4.2871082783813255e-06, -4.4660014113914176e-06, -4.635349231376604e-06, -4.79195769514071e-06, -4.932677572444316e-06, -5.054532825487483e-06, -5.154846849244486e-06, -5.2313581892976316e-06, -5.282318554246383e-06, -5.306567618294412e-06, -5.303580944678746e-06, -5.273489120469052e-06, -5.217067768792495e-06, -5.135699495034402e-06, -5.031310092155322e-06, -4.906282547563554e-06, -4.763353585623632e-06, -4.605498591917171e-06, -4.435811658012774e-06, -4.257387961072092e-06, -4.0732155557446335e-06, -3.886082789855662e-06, -3.6985059861013358e-06, -3.512679950812488e-06, -3.330451598731528e-06, -3.153314886538323e-06, -2.9824236391885236e-06, -2.8186179119239442e-06, -2.6624592778551555e-06, -2.5142707532167645e-06, -2.3741777797120706e-06, -2.2421475715549277e-06, -2.1180250322826e-06, -2.0015642372717025e-06, -1.8924551034928946e-06, -1.7903453155470713e-06, -1.69485786302876e-06, -1.6056046999911617e-06, -1.522197097344253e-06, -1.4442532550874695e-06, -1.3714036988526164e-06, -1.3032949231980505e-06, -1.2395916752360521e-06, -1.179978204573822e-06, -1.1241587436379311e-06, -1.0718574283721264e-06, -1.0228178235871236e-06, -9.76802179553099e-07, -9.33590515972668e-07, -8.929796052466389e-07, -8.547819079455956e-07, -8.18824498668917e-07, -7.849480091860504e-07, -7.530056071968384e-07, -7.228620226266804e-07, -6.943926286229166e-07, -6.674825809423939e-07, -6.42026016925456e-07, -6.17925313497476e-07, -5.950904024396083e-07], "errors": [null, null, null, null, null, null, null, null, null, null, null, null, null, null, null, null, null, null, null, null, null, null, null, null, null, null, null, null, null, null, null, null, null, null, null, null, null, null, null, null, null, null, null, null, null, null, null, null, null, null, null, null, null, null, null, null, null, null, null, null, null, null, null, null, null, null, null, null, null, null, null, null, null, null, null, null, null, null, null, null, null, null, null, null, null, null, null, null, null, null, null, null, null, null, null, null, null, null, null, null], "metadata": {"calculation": "density", "integration method": "square", "date": "2022-05-01 16:56:42.782307"}}