{"x": [0.85, 0.853030303030303, 0.8560606060606061, 0.859090909090909, 0.8621212121212121, 0.8651515151515151, 0.8681818181818182, 0.8712121212121212, 0.8742424242424243, 0.8772727272727272, 0.8803030303030303, 0.8833333333333333, 0.8863636363636364, 0.8893939393939394, 0.8924242424242423, 0.8954545454545454, 0.8984848484848484, 0.9015151515151515, 0.9045454545454545, 0.9075757575757575, 0.9106060606060605, 0.9136363636363636, 0.9166666666666666, 0.9196969696969697, 0.9227272727272727, 0.9257575757575757, 0.9287878787878787, 0.9318181818181818, 0.9348484848484848, 0.9378787878787879, 0.9409090909090909, 0.9439393939393939, 0.9469696969696969, 0.95, 0.953030303030303, 0.956060606060606, 0.959090909090909, 0.962121212121212, 0.9651515151515151, 0.9681818181818181, 0.9712121212121212, 0.9742424242424241, 0.9772727272727272, 0.9803030303030302, 0.9833333333333333, 0.9863636363636363, 0.9893939393939393, 0.9924242424242423, 0.9954545454545454, 0.9984848484848484, 1.0015151515151515, 1.0045454545454544, 1.0075757575757576, 1.0106060606060605, 1.0136363636363637, 1.0166666666666666, 1.0196969696969695, 1.0227272727272727, 1.0257575757575756, 1.0287878787878788, 1.0318181818181817, 1.0348484848484847, 1.0378787878787878, 1.0409090909090908, 1.043939393939394, 1.0469696969696969, 1.0499999999999998, 1.053030303030303, 1.056060606060606, 1.059090909090909, 1.062121212121212, 1.065151515151515, 1.0681818181818181, 1.071212121212121, 1.0742424242424242, 1.0772727272727272, 1.08030303030303, 1.0833333333333333, 1.0863636363636362, 1.0893939393939394, 1.0924242424242423, 1.0954545454545455, 1.0984848484848484, 1.1015151515151516, 1.1045454545454545, 1.1075757575757574, 1.1106060606060604, 1.1136363636363635, 1.1166666666666667, 1.1196969696969696, 1.1227272727272726, 1.1257575757575757, 1.1287878787878787, 1.1318181818181818, 1.1348484848484848, 1.1378787878787877, 1.1409090909090909, 1.1439393939393938, 1.146969696969697, 1.15], "y": [-6.59313827842193e-08, -6.885161272855966e-08, -7.196370734365277e-08, -7.528513138348058e-08, -7.883540018016678e-08, -8.263637841440941e-08, -8.671263143745235e-08, -9.109184009339906e-08, -9.580529263419506e-08, -1.0088847072494544e-07, -1.0638175093529066e-07, -1.1233124876256543e-07, -1.1878983970664055e-07, -1.2581840170294562e-07, -1.3348733625243314e-07, -1.4187844310066334e-07, -1.5108724702016368e-07, -1.6122590774201619e-07, -1.7242688907771504e-07, -1.848476263849227e-07, -1.986765212145114e-07, -2.141407212739846e-07, -2.3151633317972513e-07, -2.511419974988669e-07, -2.7343718367223625e-07, -2.989272257185997e-07, -3.282781712580769e-07, -3.623462266008457e-07, -4.0224944246409605e-07, -4.494742296329169e-07, -5.060381535769399e-07, -5.747470005783953e-07, -6.596164920312132e-07, -7.665959291153996e-07, -9.048779953214051e-07, -1.089424041337493e-06, -1.3461985765625195e-06, -1.723824502924678e-06, -2.319868884254203e-06, -3.320634104279414e-06, -4.920976808463918e-06, -7.002756608196873e-06, -9.226214224385648e-06, -1.1352544713986128e-05, -1.3259709854322575e-05, -1.4885535371359464e-05, -1.6196963362164285e-05, -1.7176279147499223e-05, -1.781468507378155e-05, -1.810912232352072e-05, -1.806067203203258e-05, -1.767383710386237e-05, -1.695643239979791e-05, -1.5920050083033945e-05, -1.4581286013217638e-05, -1.29642595631739e-05, -1.1105703848186646e-05, -9.065702170706923e-06, -6.951156642661866e-06, -4.959905258758461e-06, -3.383217386279408e-06, -2.363813362491337e-06, -1.7505670711322156e-06, -1.3630608526928552e-06, -1.1007213295321557e-06, -9.12873664229541e-07, -7.725199269615924e-07, -6.641761677445262e-07, -5.783716243412845e-07, -5.09000681643841e-07, -4.5195525762289954e-07, -4.043725674605612e-07, -3.6419852304139893e-07, -3.2992253742660234e-07, -3.004100971337508e-07, -2.747935042446109e-07, -2.5239851243081076e-07, -2.3269382384237008e-07, -2.1525555523247423e-07, -1.997417483318632e-07, -1.8587376760946526e-07, -1.734225131310423e-07, -1.6219805885173997e-07, -1.5204176636296236e-07, -1.4282021329163086e-07, -1.3442046937380696e-07, -1.2674638539376392e-07, -1.197156517462276e-07, -1.1325744773226403e-07, -1.0731054854085484e-07, -1.0182178992833311e-07, -9.67448147159456e-08, -9.20390430072346e-08, -8.766882126003077e-08, -8.360271529564688e-08, -7.981291986666389e-08, -7.627476316681099e-08, -7.296628910531373e-08, -6.986790360665199e-08, -6.696207388848952e-08], "errors": [null, null, null, null, null, null, null, null, null, null, null, null, null, null, null, null, null, null, null, null, null, null, null, null, null, null, null, null, null, null, null, null, null, null, null, null, null, null, null, null, null, null, null, null, null, null, null, null, null, null, null, null, null, null, null, null, null, null, null, null, null, null, null, null, null, null, null, null, null, null, null, null, null, null, null, null, null, null, null, null, null, null, null, null, null, null, null, null, null, null, null, null, null, null, null, null, null, null, null, null], "metadata": {"calculation": "density", "integration method": "square", "date": "2022-05-01 16:34:49.406912"}}