{"x": [0.95, 0.951010101010101, 0.952020202020202, 0.953030303030303, 0.954040404040404, 0.955050505050505, 0.956060606060606, 0.9570707070707071, 0.9580808080808081, 0.9590909090909091, 0.9601010101010101, 0.961111111111111, 0.962121212121212, 0.9631313131313131, 0.9641414141414141, 0.9651515151515151, 0.9661616161616161, 0.9671717171717171, 0.9681818181818181, 0.9691919191919192, 0.9702020202020202, 0.9712121212121212, 0.9722222222222222, 0.9732323232323232, 0.9742424242424242, 0.9752525252525253, 0.9762626262626263, 0.9772727272727273, 0.9782828282828283, 0.9792929292929293, 0.9803030303030302, 0.9813131313131312, 0.9823232323232323, 0.9833333333333333, 0.9843434343434343, 0.9853535353535353, 0.9863636363636363, 0.9873737373737373, 0.9883838383838384, 0.9893939393939394, 0.9904040404040404, 0.9914141414141414, 0.9924242424242424, 0.9934343434343434, 0.9944444444444445, 0.9954545454545455, 0.9964646464646465, 0.9974747474747475, 0.9984848484848485, 0.9994949494949494, 1.0005050505050506, 1.0015151515151515, 1.0025252525252526, 1.0035353535353535, 1.0045454545454546, 1.0055555555555555, 1.0065656565656567, 1.0075757575757576, 1.0085858585858587, 1.0095959595959596, 1.0106060606060605, 1.0116161616161616, 1.0126262626262625, 1.0136363636363637, 1.0146464646464646, 1.0156565656565657, 1.0166666666666666, 1.0176767676767677, 1.0186868686868686, 1.0196969696969698, 1.0207070707070707, 1.0217171717171718, 1.0227272727272727, 1.0237373737373738, 1.0247474747474747, 1.0257575757575759, 1.0267676767676768, 1.027777777777778, 1.0287878787878788, 1.02979797979798, 1.0308080808080808, 1.0318181818181817, 1.0328282828282829, 1.0338383838383838, 1.034848484848485, 1.0358585858585858, 1.036868686868687, 1.0378787878787878, 1.038888888888889, 1.0398989898989899, 1.040909090909091, 1.041919191919192, 1.042929292929293, 1.043939393939394, 1.044949494949495, 1.045959595959596, 1.046969696969697, 1.047979797979798, 1.0489898989898991, 1.05], "y": [-6.301924740447032e-08, -6.576276601018187e-08, -6.869141923906561e-08, -7.182248025151252e-08, -7.5175310970442e-08, -7.877167625518088e-08, -8.263611517905109e-08, -8.679638167982814e-08, -9.128396992089417e-08, -9.613474363499669e-08, -1.0138969382370151e-07, -1.0709585582582783e-07, -1.1330742547569507e-07, -1.20087125579989e-07, -1.275078892420539e-07, -1.3565494708288733e-07, -1.4462843309911535e-07, -1.5454666156781754e-07, -1.655502789875562e-07, -1.778075661128352e-07, -1.91521263542657e-07, -2.069374309388615e-07, -2.2435703941785214e-07, -2.441512574223037e-07, -2.667817423205155e-07, -2.928277048174421e-07, -3.2302204583736475e-07, -3.582993365375659e-07, -3.998583745610868e-07, -4.492402986963765e-07, -5.084168889003375e-07, -5.798667115116306e-07, -6.665798306417998e-07, -7.718710718194838e-07, -8.988336727939329e-07, -1.0493543286048639e-06, -1.222965519634785e-06, -1.4162152521469009e-06, -1.6230895383092597e-06, -1.8362582727206333e-06, -2.048384442248858e-06, -2.252956249836941e-06, -2.4445955796169233e-06, -2.61904245073682e-06, -2.7730066488967063e-06, -2.9039947100231487e-06, -3.0101568035249115e-06, -3.0901656694168257e-06, -3.1431269127873216e-06, -3.1685162852920408e-06, -3.1661395385697145e-06, -3.136111597143011e-06, -3.078853257969279e-06, -2.9951051027648826e-06, -2.8859597512453018e-06, -2.752914937274052e-06, -2.597950906618605e-06, -2.4236355089046363e-06, -2.2332569825337573e-06, -2.030973069683644e-06, -1.8219370210409983e-06, -1.6123064675438964e-06, -1.4089694852858812e-06, -1.2188104955851847e-06, -1.0475403047690922e-06, -8.985428120036845e-07, -7.724213771878666e-07, -6.675085810285255e-07, -5.809075116974211e-07, -5.094363934582018e-07, -4.5018136864269695e-07, -4.007029067999601e-07, -3.5904747354525535e-07, -3.2368152797470737e-07, -2.9340873464870446e-07, -2.672946518333899e-07, -2.446055449810222e-07, -2.2476105373494202e-07, -2.0729834684225472e-07, -1.9184517823970878e-07, -1.7809963528381907e-07, -1.6581485627299998e-07, -1.5478742635938383e-07, -1.4484850163034029e-07, -1.3585696639419021e-07, -1.2769411549529891e-07, -1.2025948882867723e-07, -1.1346758304593505e-07, -1.0724523627241866e-07, -1.0152953315485017e-07, -9.626611522047392e-08, -9.140780925069274e-08, -8.691350692098556e-08, -8.274724430118609e-08, -7.887744134675905e-08, -7.52762702490556e-08, -7.191912817645741e-08, -6.878419505532858e-08, -6.585206099318697e-08, -6.31054110242341e-08], "errors": [null, null, null, null, null, null, null, null, null, null, null, null, null, null, null, null, null, null, null, null, null, null, null, null, null, null, null, null, null, null, null, null, null, null, null, null, null, null, null, null, null, null, null, null, null, null, null, null, null, null, null, null, null, null, null, null, null, null, null, null, null, null, null, null, null, null, null, null, null, null, null, null, null, null, null, null, null, null, null, null, null, null, null, null, null, null, null, null, null, null, null, null, null, null, null, null, null, null, null, null], "metadata": {"calculation": "density", "integration method": "square", "date": "2022-05-01 19:04:30.783221"}}