{"energy": [0.94, 0.9412121212121212, 0.9424242424242424, 0.9436363636363636, 0.9448484848484848, 0.946060606060606, 0.9472727272727273, 0.9484848484848485, 0.9496969696969697, 0.9509090909090908, 0.952121212121212, 0.9533333333333333, 0.9545454545454545, 0.9557575757575757, 0.9569696969696969, 0.9581818181818181, 0.9593939393939394, 0.9606060606060606, 0.9618181818181818, 0.963030303030303, 0.9642424242424242, 0.9654545454545455, 0.9666666666666667, 0.9678787878787879, 0.9690909090909091, 0.9703030303030302, 0.9715151515151514, 0.9727272727272727, 0.9739393939393939, 0.9751515151515151, 0.9763636363636363, 0.9775757575757575, 0.9787878787878788, 0.98, 0.9812121212121212, 0.9824242424242424, 0.9836363636363636, 0.9848484848484849, 0.9860606060606061, 0.9872727272727273, 0.9884848484848485, 0.9896969696969697, 0.9909090909090909, 0.9921212121212121, 0.9933333333333333, 0.9945454545454545, 0.9957575757575757, 0.996969696969697, 0.9981818181818182, 0.9993939393939394, 1.0006060606060605, 1.0018181818181817, 1.003030303030303, 1.0042424242424242, 1.0054545454545454, 1.0066666666666666, 1.0078787878787878, 1.009090909090909, 1.0103030303030303, 1.0115151515151515, 1.0127272727272727, 1.013939393939394, 1.0151515151515151, 1.0163636363636364, 1.0175757575757576, 1.0187878787878788, 1.02, 1.0212121212121212, 1.0224242424242425, 1.0236363636363637, 1.024848484848485, 1.0260606060606061, 1.0272727272727273, 1.0284848484848486, 1.0296969696969698, 1.030909090909091, 1.0321212121212122, 1.0333333333333334, 1.0345454545454547, 1.0357575757575759, 1.036969696969697, 1.0381818181818183, 1.0393939393939395, 1.0406060606060605, 1.0418181818181818, 1.043030303030303, 1.0442424242424242, 1.0454545454545454, 1.0466666666666666, 1.0478787878787879, 1.049090909090909, 1.0503030303030303, 1.0515151515151515, 1.0527272727272727, 1.053939393939394, 1.0551515151515152, 1.0563636363636364, 1.0575757575757576, 1.0587878787878788, 1.06], "altschuler": [3.356507018088422e-05, 3.2971907580460506e-05, 3.2372597724739104e-05, 3.176694543585825e-05, 3.1154744983698856e-05, 3.0535779269471886e-05, 2.990981892625297e-05, 2.9276621325897574e-05, 2.8635929480146177e-05, 2.7987470821802872e-05, 2.7330955849594195e-05, 2.6666076617595357e-05, 2.5992505046862978e-05, 2.5309891033008727e-05, 2.4617860318734382e-05, 2.391601209463514e-05, 2.320391628460511e-05, 2.2481110463640307e-05, 2.1747096345301156e-05, 2.1001335763035787e-05, 2.024324605326544e-05, 1.947219472764243e-05, 1.8687493295962583e-05, 1.7888390068132568e-05, 1.7074061721049474e-05, 1.6243603361055047e-05, 1.5396016740325664e-05, 1.4530196189907593e-05, 1.3644911704139904e-05, 1.2738788437994274e-05, 1.1810281641350741e-05, 1.0857645723950338e-05, 9.878895678403396e-06, 8.871758418890295e-06, 7.833610613312962e-06, 6.76139812307319e-06, 5.651529927492801e-06, 4.499735900307087e-06, 3.300872135368026e-06, 2.0486480436403443e-06, 7.352329823052035e-07, -6.493297546036753e-07, -2.1180312037906456e-06, -3.6883746005726674e-06, -5.384931774080281e-06, -7.2441315604406595e-06, -9.324256385941368e-06, -1.1729889771072478e-05, -1.4689445191877286e-05, -1.8987999021188725e-05, -1.898799902118932e-05, -1.468944519187763e-05, -1.1729889771072744e-05, -9.324256385941368e-06, -7.244131560440859e-06, -5.384931774080461e-06, -3.68837460057283e-06, -2.1180312037908015e-06, -6.493297546036753e-07, 7.352329823052035e-07, 2.0486480436403443e-06, 3.300872135368026e-06, 4.499735900307087e-06, 5.651529927492801e-06, 6.76139812307319e-06, 7.833610613312962e-06, 8.871758418890295e-06, 9.878895678403396e-06, 1.0857645723950338e-05, 1.1810281641350741e-05, 1.2738788437994274e-05, 1.3644911704139904e-05, 1.4530196189907593e-05, 1.5396016740325664e-05, 1.6243603361055047e-05, 1.7074061721049556e-05, 1.7888390068132656e-05, 1.8687493295962664e-05, 1.947219472764251e-05, 2.024324605326552e-05, 2.100133576303587e-05, 2.1747096345301237e-05, 2.2481110463640375e-05, 2.3203916284605042e-05, 2.3916012094635073e-05, 2.4617860318734382e-05, 2.530989103300866e-05, 2.599250504686291e-05, 2.666607661759529e-05, 2.7330955849594128e-05, 2.7987470821802872e-05, 2.8635929480146177e-05, 2.9276621325897574e-05, 2.990981892625297e-05, 3.0535779269471886e-05, 3.1154744983698856e-05, 3.176694543585825e-05, 3.2372597724739104e-05, 3.2971907580460506e-05, 3.356507018088422e-05], "prvy_clen": [-1.266187444118875e-07, -1.3227986516665252e-07, -1.383366228744599e-07, -1.448276356632051e-07, -1.5179645675589255e-07, -1.5929236680710707e-07, -1.6737132147804213e-07, -1.7609709057138598e-07, -1.8554263500218877e-07, -1.9579178101636823e-07, -2.0694126850444308e-07, -2.191032736226686e-07, -2.3240853750253069e-07, -2.4701027594694586e-07, -2.6308910439371345e-07, -2.8085929516178353e-07, -3.0057680040994404e-07, -3.225496398766418e-07, -3.471514906489263e-07, -3.7483966228643635e-07, -4.061791480424999e-07, -4.4187519208843417e-07, -4.828179211636403e-07, -5.30144218985712e-07, -5.853243612874893e-07, -6.502840796852955e-07, -7.275762714251351e-07, -8.206182295253975e-07, -9.340019546357342e-07, -1.0738433924736486e-06, -1.2480071699632516e-06, -1.4657554627830043e-06, -1.7360291247666664e-06, -2.063922306673812e-06, -2.4468720651741703e-06, -2.873842554281126e-06, -3.328595330905154e-06, -3.794216949618534e-06, -4.255992862249158e-06, -4.7022549592384834e-06, -5.124135382705421e-06, -5.515001106405109e-06, -5.869910609630656e-06, -6.185184872860323e-06, -6.458092081543629e-06, -6.686622181665631e-06, -6.8693273231483914e-06, -7.00520960542569e-06, -7.093642963111589e-06, -7.134320281076409e-06, -7.127219937637875e-06, -7.0725882484892145e-06, -6.970936029570322e-06, -6.8230489702207174e-06, -6.6300129323564196e-06, -6.393256880712572e-06, -6.1146181278369855e-06, -5.796437197337865e-06, -5.44169310260651e-06, -5.054194188770639e-06, -4.638843845186056e-06, -4.201999966529863e-06, -3.751928192181469e-06, -3.2992759021394017e-06, -2.8572993361467966e-06, -2.4412277954014468e-06, -2.065961936899295e-06, -1.7422124067204527e-06, -1.4733071079713969e-06, -1.2553429375720237e-06, -1.0803222933613992e-06, -9.394963210861947e-07, -8.252100844998199e-07, -7.31406544227769e-07, -6.534925659554324e-07, -5.880309414056093e-07, -5.324461223533298e-07, -4.847922884282182e-07, -4.435828119331185e-07, -4.07667957381874e-07, -3.761476342204618e-07, -3.483088989351291e-07, -3.2358079655378905e-07, -3.015013786711782e-07, -2.816933356557392e-07, -2.638457830433778e-07, -2.477004928246556e-07, -2.3304137131537662e-07, -2.1968633488883942e-07, -2.074809759541733e-07, -1.9629357944559736e-07, -1.8601116818599497e-07, -1.765363394390646e-07, -1.6778471525937289e-07, -1.596828730010802e-07, -1.5216665439835041e-07, -1.4517977533942724e-07, -1.3867267614816287e-07, -1.3260156550424212e-07, -1.2692762123897823e-07],