{"energy": [0.95, 0.951010101010101, 0.952020202020202, 0.953030303030303, 0.954040404040404, 0.955050505050505, 0.956060606060606, 0.9570707070707071, 0.9580808080808081, 0.9590909090909091, 0.9601010101010101, 0.961111111111111, 0.962121212121212, 0.9631313131313131, 0.9641414141414141, 0.9651515151515151, 0.9661616161616161, 0.9671717171717171, 0.9681818181818181, 0.9691919191919192, 0.9702020202020202, 0.9712121212121212, 0.9722222222222222, 0.9732323232323232, 0.9742424242424242, 0.9752525252525253, 0.9762626262626263, 0.9772727272727273, 0.9782828282828283, 0.9792929292929293, 0.9803030303030302, 0.9813131313131312, 0.9823232323232323, 0.9833333333333333, 0.9843434343434343, 0.9853535353535353, 0.9863636363636363, 0.9873737373737373, 0.9883838383838384, 0.9893939393939394, 0.9904040404040404, 0.9914141414141414, 0.9924242424242424, 0.9934343434343434, 0.9944444444444445, 0.9954545454545455, 0.9964646464646465, 0.9974747474747475, 0.9984848484848485, 0.9994949494949494, 1.0005050505050506, 1.0015151515151515, 1.0025252525252526, 1.0035353535353535, 1.0045454545454546, 1.0055555555555555, 1.0065656565656567, 1.0075757575757576, 1.0085858585858587, 1.0095959595959596, 1.0106060606060605, 1.0116161616161616, 1.0126262626262625, 1.0136363636363637, 1.0146464646464646, 1.0156565656565657, 1.0166666666666666, 1.0176767676767677, 1.0186868686868686, 1.0196969696969698, 1.0207070707070707, 1.0217171717171718, 1.0227272727272727, 1.0237373737373738, 1.0247474747474747, 1.0257575757575759, 1.0267676767676768, 1.027777777777778, 1.0287878787878788, 1.02979797979798, 1.0308080808080808, 1.0318181818181817, 1.0328282828282829, 1.0338383838383838, 1.034848484848485, 1.0358585858585858, 1.036868686868687, 1.0378787878787878, 1.038888888888889, 1.0398989898989899, 1.040909090909091, 1.041919191919192, 1.042929292929293, 1.043939393939394, 1.044949494949495, 1.045959595959596, 1.046969696969697, 1.047979797979798, 1.0489898989898991, 1.05], "altschuler": [2.1946323632009635e-05, 2.1404842737808757e-05, 2.085775019295252e-05, 2.0304867825244718e-05, 1.9746007829640375e-05, 1.9180972022966426e-05, 1.8609551022825293e-05, 1.80315233410373e-05, 1.7446654380491202e-05, 1.6854695322517593e-05, 1.6255381889819897e-05, 1.5648432967515847e-05, 1.5033549061875396e-05, 1.4410410572780119e-05, 1.377867585162273e-05, 1.3137979011149242e-05, 1.2487927447385232e-05, 1.1828099025987859e-05, 1.1158038875751831e-05, 1.0477255720076938e-05, 9.785217662320664e-06, 9.081347322257357e-06, 8.365016197194585e-06, 7.635538091098436e-06, 6.892161416243003e-06, 6.1340601215133375e-06, 5.3603229354915764e-06, 4.569940525132463e-06, 3.7617900540251584e-06, 2.9346164661115323e-06, 2.0870096039141017e-06, 1.2173759688309432e-06, 3.2390350532225865e-07, -5.954828205765054e-07, -1.5431777724751823e-06, -2.521969384713697e-06, -3.535135795675251e-06, -4.5865750794908295e-06, -5.680982958545329e-06, -6.824101928696319e-06, -8.023080356130273e-06, -9.287007428273746e-06, -1.0627742284874132e-05, -1.2061263120618977e-05, -1.3610000843997706e-05, -1.5307210280494986e-05, -1.7206095762750425e-05, -1.9402128546290144e-05, -2.210382065322598e-05, -2.6027845481499008e-05, -2.6027845481499008e-05, -2.210382065322598e-05, -1.940212854628985e-05, -1.7206095762750425e-05, -1.5307210280494986e-05, -1.3610000843997706e-05, -1.2061263120618794e-05, -1.0627742284874132e-05, -9.28700742827359e-06, -8.023080356130273e-06, -6.824101928696462e-06, -5.680982958545329e-06, -4.586575079490962e-06, -3.535135795675251e-06, -2.521969384713819e-06, -1.5431777724751823e-06, -5.954828205766274e-07, 3.2390350532225865e-07, 1.2173759688308348e-06, 2.0870096039141017e-06, 2.9346164661115323e-06, 3.7617900540252533e-06, 4.569940525132463e-06, 5.360322935491671e-06, 6.1340601215133375e-06, 6.892161416243091e-06, 7.635538091098436e-06, 8.365016197194673e-06, 9.081347322257357e-06, 9.785217662320746e-06, 1.0477255720076938e-05, 1.1158038875751743e-05, 1.1828099025987859e-05, 1.248792744738515e-05, 1.3137979011149242e-05, 1.3778675851622662e-05, 1.4410410572780119e-05, 1.5033549061875328e-05, 1.5648432967515847e-05, 1.6255381889819897e-05, 1.685469532251766e-05, 1.7446654380491202e-05, 1.8031523341037374e-05, 1.8609551022825293e-05, 1.9180972022966494e-05, 1.9746007829640375e-05, 2.0304867825244792e-05, 2.085775019295252e-05, 2.1404842737808825e-05, 2.1946323632009635e-05], "prvy_clen": [-4.0537666841376403e-07, -4.254817366846722e-07, -4.4720821838016203e-07, -4.707450668697699e-07, -4.963108854796754e-07, -5.241598927914687e-07, -5.545893692202994e-07, -5.87949024214016e-07, -6.246528741560025e-07, -6.651944293254122e-07, -7.101662770033072e-07, -7.602855481561142e-07, -8.164273066431403e-07, -8.796686467278542e-07, -9.513472571493556e-07, -1.0331393686757385e-06, -1.1271630849115308e-06, -1.2361132324705626e-06, -1.363430671300509e-06, -1.5134967014310684e-06, -1.6918097087314995e-06, -1.9050276504856448e-06, -2.1606388784280167e-06, -2.4659289638419254e-06, -2.8260908825738984e-06, -3.2420210510022763e-06, -3.7091028008718436e-06, -4.2179559840772855e-06, -4.756678304577562e-06, -5.313170090429341e-06, -5.876590905523454e-06, -6.437893534998863e-06, -6.989798481799137e-06, -7.5265419754096575e-06, -8.0435813199065e-06, -8.537331546370297e-06, -9.004952516460652e-06, -9.444184104050503e-06, -9.853220850349056e-06, -1.0230617128971373e-05, -1.0575215300849316e-05, -1.088609104419521e-05, -1.1162511521291966e-05, -1.1403903195256176e-05, -1.1609826968696268e-05, -1.1779958944940926e-05, -1.1914075570745936e-05, -1.2012042254341672e-05, -1.207380480010534e-05, -1.2099383187001996e-05, -1.2088867361507341e-05, -1.2042414831221253e-05, -1.1960249942511297e-05, -1.1842664811574152e-05, -1.16900219619681e-05, -1.1502758811281053e-05, -1.1281394251615501e-05, -1.1026537690987487e-05, -1.073890107723061e-05, -1.0419314627666412e-05, -1.0068747256751423e-05, -9.68833305701419e-06, -9.279405680799408e-06, -8.843543134524379e-06, -8.38262637689851e-06, -7.898916226656417e-06, -7.395154356867517e-06, -6.874695222422598e-06, -6.341675544835508e-06, -5.8012236475127755e-06, -5.259696052859148e-06, -4.724890854837266e-06, -4.206109827012255e-06, -3.7138263959124367e-06, -3.258654768278071e-06, -2.849539935139784e-06, -2.4917388160943705e-06, -2.185730229494799e-06, -1.9277771204221964e-06, -1.7116659713223007e-06, -1.5305092997995199e-06, -1.3779071191622748e-06, -1.2484295076088384e-06, -1.1376781741615776e-06, -1.0421650442801638e-06, -9.59142936782997e-07, -8.86446022001435e-07, -8.22357812225119e-07, -7.655078476586636e-07, -7.14792787940925e-07, -6.693166819561703e-07, -6.283457906372066e-07, -5.912742913785527e-07, -5.57598083775504e-07, -5.268946350685432e-07, -4.988073489066452e-07, -4.730333433036578e-07, -4.4931381684665307e-07, -4.2742639511320474e-07, -4.07179004029126e-07],