{"x": [0.01, 0.025050505050505052, 0.0401010101010101, 0.05515151515151515, 0.0702020202020202, 0.08525252525252525, 0.1003030303030303, 0.11535353535353535, 0.1304040404040404, 0.14545454545454545, 0.1605050505050505, 0.17555555555555558, 0.1906060606060606, 0.20565656565656565, 0.2207070707070707, 0.23575757575757578, 0.2508080808080808, 0.26585858585858585, 0.2809090909090909, 0.295959595959596, 0.311010101010101, 0.32606060606060605, 0.34111111111111114, 0.3561616161616162, 0.3712121212121212, 0.38626262626262625, 0.4013131313131313, 0.4163636363636364, 0.4314141414141414, 0.44646464646464645, 0.46151515151515154, 0.4765656565656566, 0.4916161616161616, 0.5066666666666666, 0.5217171717171717, 0.5367676767676768, 0.5518181818181818, 0.5668686868686869, 0.581919191919192, 0.5969696969696969, 0.612020202020202, 0.6270707070707071, 0.6421212121212121, 0.6571717171717172, 0.6722222222222223, 0.6872727272727273, 0.7023232323232323, 0.7173737373737373, 0.7324242424242424, 0.7474747474747475, 0.7625252525252525, 0.7775757575757576, 0.7926262626262626, 0.8076767676767677, 0.8227272727272728, 0.8377777777777777, 0.8528282828282828, 0.8678787878787879, 0.8829292929292929, 0.897979797979798, 0.9130303030303031, 0.9280808080808081, 0.9431313131313132, 0.9581818181818181, 0.9732323232323232, 0.9882828282828283, 1.0033333333333332, 1.0183838383838384, 1.0334343434343434, 1.0484848484848486, 1.0635353535353536, 1.0785858585858585, 1.0936363636363635, 1.1086868686868687, 1.1237373737373737, 1.1387878787878787, 1.1538383838383839, 1.1688888888888889, 1.1839393939393938, 1.198989898989899, 1.214040404040404, 1.229090909090909, 1.2441414141414142, 1.2591919191919192, 1.2742424242424242, 1.2892929292929294, 1.3043434343434344, 1.3193939393939393, 1.3344444444444445, 1.3494949494949495, 1.3645454545454545, 1.3795959595959595, 1.3946464646464647, 1.4096969696969697, 1.4247474747474747, 1.4397979797979799, 1.4548484848484848, 1.4698989898989898, 1.484949494949495, 1.5], "y": [-0.16073606175327793, -0.15979962606713027, -0.15886888163718024, -0.1579438356261931, -0.1570244942750446, -0.1561108629026978, -0.15520294590686867, -0.15430074676537378, -0.15340426803815574, -0.15251351136998217, -0.15162847749381095, -0.15074916623481394, -0.14987557651504835, -0.1490077063587701, -0.14814555289837353, -0.1472891123809483, -0.14643838017543895, -0.14559335078039368, -0.1447540178322881, -0.1439203741144067, -0.14309241156626767, -0.14227012129357247, -0.1414534935786609, -0.1406425178914583, -0.13983718290088903, -0.139037476486742, -0.13824338575196563, -0.13745489703537211, -0.13667199592473114, -0.1358946672702301, -0.13512289519828222, -0.13435666312565803, -0.13359595377392164, -0.13284074918414626, -0.132091030731892, -0.13134677914241943, -0.13060797450612138, -0.12987459629414871, -0.12914662337420899, -0.1284240340265193, -0.12770680595988906, -0.1269949163279144, -0.1262883417452637, -0.12558705830403286, -0.12489104159015331, -0.12420026669983124, -0.12351470825600157, -0.12283434042477671, -0.12215913693187425, -0.12148907107900528, -0.12082411576020743, -0.12016424347810663, -0.11950942636009235, -0.11885963617439148, -0.11821484434602628, -0.11757502197264404, -0.11694013984020458, -0.11631016843851297, -0.11568507797658807, -0.11506483839785255, -0.11444941939513688, -0.11383879042548592, -0.11323292072476031, -0.11263177932202165, -0.11203533505369768, -0.11144355657751474, -0.1108564123861969, -0.11027387082091983, -0.10969590008451874, -0.10912246825444089, -0.10855354329544188, -0.10798909307202051, -0.10742908536058728, -0.10687348786136554, -0.10632226821002275, -0.1057753939890279, -0.10523283273873586, -0.10469455196819576, -0.10416051916568438, -0.10363070180896222, -0.10310506737525393, -0.10258358335095266, -0.10206621724104964, -0.10155293657828936, -0.10104370893205204, -0.10053850191696656, -0.10003728320125174, -0.09954002051479358, -0.09904668165695622, -0.09855723450413256, -0.09807164701703518, -0.0975898872477322, -0.09711192334643066, -0.09663772356801016, -0.09616725627831248, -0.09570048996018841, -0.09523739321930738, -0.09477793478973272, -0.09432208353926855, -0.09386980847457851], "error": [0, 0, 0, 0, 0, 0, 0, 0, 0, 0, 0, 0, 0, 0, 0, 0, 0, 0, 0, 0, 0, 0, 0, 0, 0, 0, 0, 0, 0, 0, 0, 0, 0, 0, 0, 0, 0, 0, 0, 0, 0, 0, 0, 0, 0, 0, 0, 0, 0, 0, 0, 0, 0, 0, 0, 0, 0, 0, 0, 0, 0, 0, 0, 0, 0, 0, 0, 0, 0, 0, 0, 0, 0, 0, 0, 0, 0, 0, 0, 0, 0, 0, 0, 0, 0, 0, 0, 0, 0, 0, 0, 0, 0, 0, 0, 0, 0, 0, 0, 0], "metadata": {"calculation": "selfenergy", "integration method": "square", "date": "2022-05-16 21:00:23.657588"}}