{"x": [0.96, 0.9608080808080808, 0.9616161616161616, 0.9624242424242424, 0.9632323232323232, 0.964040404040404, 0.9648484848484848, 0.9656565656565657, 0.9664646464646465, 0.9672727272727273, 0.9680808080808081, 0.9688888888888889, 0.9696969696969697, 0.9705050505050504, 0.9713131313131312, 0.972121212121212, 0.9729292929292929, 0.9737373737373737, 0.9745454545454545, 0.9753535353535353, 0.9761616161616161, 0.9769696969696969, 0.9777777777777777, 0.9785858585858586, 0.9793939393939394, 0.9802020202020202, 0.981010101010101, 0.9818181818181818, 0.9826262626262626, 0.9834343434343434, 0.9842424242424243, 0.9850505050505051, 0.9858585858585859, 0.9866666666666667, 0.9874747474747475, 0.9882828282828283, 0.9890909090909091, 0.98989898989899, 0.9907070707070706, 0.9915151515151515, 0.9923232323232323, 0.9931313131313131, 0.9939393939393939, 0.9947474747474747, 0.9955555555555555, 0.9963636363636363, 0.9971717171717172, 0.997979797979798, 0.9987878787878788, 0.9995959595959596, 1.0004040404040404, 1.0012121212121212, 1.002020202020202, 1.0028282828282828, 1.0036363636363637, 1.0044444444444445, 1.0052525252525253, 1.006060606060606, 1.006868686868687, 1.0076767676767677, 1.0084848484848485, 1.0092929292929294, 1.0101010101010102, 1.010909090909091, 1.0117171717171718, 1.0125252525252526, 1.0133333333333334, 1.0141414141414142, 1.014949494949495, 1.0157575757575759, 1.0165656565656567, 1.0173737373737375, 1.0181818181818183, 1.0189898989898991, 1.01979797979798, 1.0206060606060605, 1.0214141414141413, 1.0222222222222221, 1.023030303030303, 1.0238383838383838, 1.0246464646464646, 1.0254545454545454, 1.0262626262626262, 1.027070707070707, 1.0278787878787878, 1.0286868686868686, 1.0294949494949495, 1.0303030303030303, 1.031111111111111, 1.031919191919192, 1.0327272727272727, 1.0335353535353535, 1.0343434343434343, 1.0351515151515152, 1.035959595959596, 1.0367676767676768, 1.0375757575757576, 1.0383838383838384, 1.0391919191919192, 1.04], "y": [5.070673974229582e-26, 5.066120775885163e-26, 5.061370995801533e-26, 5.05641155271661e-26, 5.0512281707431465e-26, 5.045805239087443e-26, 5.040125651454074e-26, 5.034170621615465e-26, 5.027919470911124e-26, 5.021349382560888e-26, 5.0144351165869774e-26, 5.007148677783306e-26, 4.999458927475602e-26, 4.9913311276870774e-26, 4.982726403637355e-26, 4.9736011070956026e-26, 4.9639060587679415e-26, 4.953585642345451e-26, 4.9425767157042764e-26, 4.930807295554307e-26, 4.9181949599576587e-26, 4.904644897794835e-26, 4.8900475144782314e-26, 4.874275477882554e-26, 4.85718005645944e-26, 4.838586562098324e-26, 4.8182886641007077e-26, 4.796041291715977e-26, 4.7715518029986863e-26, 4.744469096042271e-26, 4.714370437185531e-26, 4.6807461034544606e-26, 4.6429827056200396e-26, 4.6003476093394104e-26, 4.551979535972014e-26, 4.496894038080908e-26, 4.4340153992361263e-26, 4.3622445267853784e-26, 4.280561350258305e-26, 4.188142557883215e-26, 4.084463824034699e-26, 3.969361437035958e-26, 3.8430468872136953e-26, 3.7060844339494424e-26, 3.5593474499630126e-26, 3.4039668082385676e-26, 3.2412794148702774e-26, 3.072780627018194e-26, 2.9000815699297187e-26, 2.724870954178239e-26, 2.5488803697959062e-26, 2.3738518070209934e-26, 2.2015060964932574e-26, 2.0335109647866165e-26, 1.8714474313156962e-26, 1.7167733589303553e-26, 1.5707832143856796e-26, 1.4345637036587993e-26, 1.3089462717783238e-26, 1.1944599604480178e-26, 1.0912920766777259e-26, 9.992687806298469e-27, 9.178700080065877e-27, 8.462880323097056e-27, 7.835241610893429e-27, 7.285008256598272e-27, 6.801603050834722e-27, 6.375314027906441e-27, 5.9976177907673224e-27, 5.661244802938556e-27, 5.360095799910494e-27, 5.089093980871683e-27, 4.8440236729702826e-27, 4.621380229728454e-27, 4.418240460340921e-27, 4.232155045671699e-27, 4.061061010877812e-27, 3.903211219598837e-27, 3.757117792507675e-27, 3.621506700373549e-27, 3.495281240846803e-27, 3.3774925519964e-27, 3.267315698815633e-27, 3.164030182411516e-27, 3.067003970958288e-27, 2.9756803468940758e-27, 2.889567016820818e-27, 2.8082270484310858e-27, 2.7312712901907796e-27, 2.6583520005167074e-27, 2.5891574685230956e-27, 2.523407451689655e-27, 2.4608492897978517e-27, 2.4012545813051946e-27, 2.3444163295894384e-27, 2.2901464834304744e-27, 2.238273809650693e-27, 2.188642046731101e-27, 2.1411082970222196e-27, 2.095541622311046e-27], "error": [0, 0, 0, 0, 0, 0, 0, 0, 0, 0, 0, 0, 0, 0, 0, 0, 0, 0, 0, 0, 0, 0, 0, 0, 0, 0, 0, 0, 0, 0, 0, 0, 0, 0, 0, 0, 0, 0, 0, 0, 0, 0, 0, 0, 0, 0, 0, 0, 0, 0, 0, 0, 0, 0, 0, 0, 0, 0, 0, 0, 0, 0, 0, 0, 0, 0, 0, 0, 0, 0, 0, 0, 0, 0, 0, 0, 0, 0, 0, 0, 0, 0, 0, 0, 0, 0, 0, 0, 0, 0, 0, 0, 0, 0, 0, 0, 0, 0, 0, 0], "metadata": {"calculation": "selfenergy", "integration method": "square", "date": "2022-04-29 16:43:17.934907"}}