{"x": [0.01, 0.025050505050505052, 0.0401010101010101, 0.05515151515151515, 0.0702020202020202, 0.08525252525252525, 0.1003030303030303, 0.11535353535353535, 0.1304040404040404, 0.14545454545454545, 0.1605050505050505, 0.17555555555555558, 0.1906060606060606, 0.20565656565656565, 0.2207070707070707, 0.23575757575757578, 0.2508080808080808, 0.26585858585858585, 0.2809090909090909, 0.295959595959596, 0.311010101010101, 0.32606060606060605, 0.34111111111111114, 0.3561616161616162, 0.3712121212121212, 0.38626262626262625, 0.4013131313131313, 0.4163636363636364, 0.4314141414141414, 0.44646464646464645, 0.46151515151515154, 0.4765656565656566, 0.4916161616161616, 0.5066666666666666, 0.5217171717171717, 0.5367676767676768, 0.5518181818181818, 0.5668686868686869, 0.581919191919192, 0.5969696969696969, 0.612020202020202, 0.6270707070707071, 0.6421212121212121, 0.6571717171717172, 0.6722222222222223, 0.6872727272727273, 0.7023232323232323, 0.7173737373737373, 0.7324242424242424, 0.7474747474747475, 0.7625252525252525, 0.7775757575757576, 0.7926262626262626, 0.8076767676767677, 0.8227272727272728, 0.8377777777777777, 0.8528282828282828, 0.8678787878787879, 0.8829292929292929, 0.897979797979798, 0.9130303030303031, 0.9280808080808081, 0.9431313131313132, 0.9581818181818181, 0.9732323232323232, 0.9882828282828283, 1.0033333333333332, 1.0183838383838384, 1.0334343434343434, 1.0484848484848486, 1.0635353535353536, 1.0785858585858585, 1.0936363636363635, 1.1086868686868687, 1.1237373737373737, 1.1387878787878787, 1.1538383838383839, 1.1688888888888889, 1.1839393939393938, 1.198989898989899, 1.214040404040404, 1.229090909090909, 1.2441414141414142, 1.2591919191919192, 1.2742424242424242, 1.2892929292929294, 1.3043434343434344, 1.3193939393939393, 1.3344444444444445, 1.3494949494949495, 1.3645454545454545, 1.3795959595959595, 1.3946464646464647, 1.4096969696969697, 1.4247474747474747, 1.4397979797979799, 1.4548484848484848, 1.4698989898989898, 1.484949494949495, 1.5], "y": [-5.288754233195747e-26, -5.293951932638227e-26, -5.295246530659555e-26, -5.295833683160078e-26, -5.296168397641429e-26, -5.296384351814494e-26, -5.296534984147338e-26, -5.296645841325173e-26, -5.29673067435086e-26, -5.29679754128172e-26, -5.296851476334479e-26, -5.296895785992602e-26, -5.296932731031237e-26, -5.296963909047944e-26, -5.296990480463221e-26, -5.297013307939837e-26, -5.297033045588818e-26, -5.297050197858999e-26, -5.297065159478096e-26, -5.297078243188234e-26, -5.297089699407786e-26, -5.297099730425317e-26, -5.297108500810898e-26, -5.297116145159948e-26, -5.297122773922e-26, -5.297128477831854e-26, -5.297133331303852e-26, -5.297137395044877e-26, -5.297140718068791e-26, -5.297143339243956e-26, -5.297145288469319e-26, -5.29714658754764e-26, -5.297147250804804e-26, -5.297147285488574e-26, -5.297146691967695e-26, -5.297145463741788e-26, -5.297143587262319e-26, -5.297141041555596e-26, -5.297137797627761e-26, -5.297133817619977e-26, -5.297129053666523e-26, -5.297123446389407e-26, -5.29711692293718e-26, -5.297109394440386e-26, -5.297100752706643e-26, -5.297090865908396e-26, -5.29707957291423e-26, -5.297066675764512e-26, -5.297051929565482e-26, -5.29703502872822e-26, -5.297015587931745e-26, -5.296993115309007e-26, -5.2969669738963e-26, -5.296936324897399e-26, -5.296900041912749e-26, -5.296856577187267e-26, -5.296803745329606e-26, -5.296738358227003e-26, -5.296655576059701e-26, -5.296547677929795e-26, -5.296401538546276e-26, -5.296192876216309e-26, -5.295871105589337e-26, -5.295309889501409e-26, -5.294073147937849e-26, -5.288196375115282e-26, -1.4087474561318986e-26, -4.961979594948426e-29, -2.553954580558224e-29, -1.7175208855005593e-29, -1.287001380678177e-29, -1.024035559517301e-29, -8.46701576288509e-30, -7.190741685844103e-30, -6.22878025901063e-30, -5.478240290173899e-30, -4.876731956422577e-30, -4.3842118654418636e-30, -3.973795753761635e-30, -3.626761569597224e-30, -3.329669726329342e-30, -3.0726226277566513e-30, -2.848169988877416e-30, -2.6505965978284393e-30, -2.475445176866793e-30, -2.3191885079443232e-30, -2.178999034051222e-30, -2.0525837183584353e-30, -1.938063566260993e-30, -1.833884323828973e-30, -1.738749329143136e-30, -1.6515683592524797e-30, -1.5714181970312622e-30, -1.4975119004217345e-30, -1.4291746130629944e-30, -1.365824347537254e-30, -1.306956588580787e-30, -1.2521318583293054e-30, -1.2009656001051375e-30, -1.1531198915000543e-30], "error": [0, 0, 0, 0, 0, 0, 0, 0, 0, 0, 0, 0, 0, 0, 0, 0, 0, 0, 0, 0, 0, 0, 0, 0, 0, 0, 0, 0, 0, 0, 0, 0, 0, 0, 0, 0, 0, 0, 0, 0, 0, 0, 0, 0, 0, 0, 0, 0, 0, 0, 0, 0, 0, 0, 0, 0, 0, 0, 0, 0, 0, 0, 0, 0, 0, 0, 0, 0, 0, 0, 0, 0, 0, 0, 0, 0, 0, 0, 0, 0, 0, 0, 0, 0, 0, 0, 0, 0, 0, 0, 0, 0, 0, 0, 0, 0, 0, 0, 0, 0], "metadata": {"calculation": "selfenergy", "integration method": "square", "date": "2022-04-30 13:48:10.719261"}}