{"x": [0.01, 0.025050505050505052, 0.0401010101010101, 0.05515151515151515, 0.0702020202020202, 0.08525252525252525, 0.1003030303030303, 0.11535353535353535, 0.1304040404040404, 0.14545454545454545, 0.1605050505050505, 0.17555555555555558, 0.1906060606060606, 0.20565656565656565, 0.2207070707070707, 0.23575757575757578, 0.2508080808080808, 0.26585858585858585, 0.2809090909090909, 0.295959595959596, 0.311010101010101, 0.32606060606060605, 0.34111111111111114, 0.3561616161616162, 0.3712121212121212, 0.38626262626262625, 0.4013131313131313, 0.4163636363636364, 0.4314141414141414, 0.44646464646464645, 0.46151515151515154, 0.4765656565656566, 0.4916161616161616, 0.5066666666666666, 0.5217171717171717, 0.5367676767676768, 0.5518181818181818, 0.5668686868686869, 0.581919191919192, 0.5969696969696969, 0.612020202020202, 0.6270707070707071, 0.6421212121212121, 0.6571717171717172, 0.6722222222222223, 0.6872727272727273, 0.7023232323232323, 0.7173737373737373, 0.7324242424242424, 0.7474747474747475, 0.7625252525252525, 0.7775757575757576, 0.7926262626262626, 0.8076767676767677, 0.8227272727272728, 0.8377777777777777, 0.8528282828282828, 0.8678787878787879, 0.8829292929292929, 0.897979797979798, 0.9130303030303031, 0.9280808080808081, 0.9431313131313132, 0.9581818181818181, 0.9732323232323232, 0.9882828282828283, 1.0033333333333332, 1.0183838383838384, 1.0334343434343434, 1.0484848484848486, 1.0635353535353536, 1.0785858585858585, 1.0936363636363635, 1.1086868686868687, 1.1237373737373737, 1.1387878787878787, 1.1538383838383839, 1.1688888888888889, 1.1839393939393938, 1.198989898989899, 1.214040404040404, 1.229090909090909, 1.2441414141414142, 1.2591919191919192, 1.2742424242424242, 1.2892929292929294, 1.3043434343434344, 1.3193939393939393, 1.3344444444444445, 1.3494949494949495, 1.3645454545454545, 1.3795959595959595, 1.3946464646464647, 1.4096969696969697, 1.4247474747474747, 1.4397979797979799, 1.4548484848484848, 1.4698989898989898, 1.484949494949495, 1.5], "y": [-2.393375642318317e-19, -2.380145427035209e-19, -2.3669867451140715e-19, -2.3538999818261377e-19, -2.340885480883678e-19, -2.3279435632010447e-19, -2.3150745322030144e-19, -2.302278673870532e-19, -2.2895562558996693e-19, -2.27690752696983e-19, -2.2643327163711986e-19, -2.2518320339017826e-19, -2.2394056699283745e-19, -2.227053795566305e-19, -2.2147765629294613e-19, -2.202574105381987e-19, -2.1904465378778645e-19, -2.1783939572740117e-19, -2.1664164426565743e-19, -2.1545140556901028e-19, -2.1426868409621557e-19, -2.1309348263058257e-19, -2.1192580231776994e-19, -2.1076564269767838e-19, -2.0961300173899443e-19, -2.0846787587477698e-19, -2.0733026003606419e-19, -2.0620014768539072e-19, -2.0507753085090679e-19, -2.0396240016038638e-19, -2.0285474487482228e-19, -2.0175455292178435e-19, -2.006618109286327e-19, -1.9957650425561097e-19, -1.9849861702877293e-19, -1.9742813217272062e-19, -1.9636503144313883e-19, -1.953092954591267e-19, -1.9426090373531302e-19, -1.9321983471377337e-19, -1.9218606579571015e-19, -1.9115957337293105e-19, -1.901403328590877e-19, -1.8912831872070643e-19, -1.8812350450798977e-19, -1.871258628854269e-19, -1.8613536566220816e-19, -1.8515198382250776e-19, -1.8417568755566597e-19, -1.832064462863576e-19, -1.8224422870484905e-19, -1.812890027974962e-19, -1.8034073587776073e-19, -1.7939939461817673e-19, -1.784649450839889e-19, -1.7753735276952139e-19, -1.7661658263889155e-19, -1.7570259917363538e-19, -1.7479536643148457e-19, -1.7389484812290785e-19, -1.730010077137931e-19, -1.7211380855766253e-19, -1.7123321402653014e-19, -1.7035918748224877e-19, -1.6949169165084942e-19, -1.68630686959514e-19, -1.6777612990022838e-19, -1.6692797403992927e-19, -1.6608617358890512e-19, -1.6525068595989348e-19, -1.644214712361571e-19, -1.6359849029043663e-19, -1.6278170363208059e-19, -1.6197107112402153e-19, -1.6116655205074528e-19, -1.6036810524770656e-19, -1.5957568921200015e-19, -1.5878926218499675e-19, -1.5800878221053086e-19, -1.572342071774346e-19, -1.5646549485444546e-19, -1.5570260291749419e-19, -1.5494548897099998e-19, -1.5419411056887877e-19, -1.53448425233056e-19, -1.5270839046788048e-19, -1.519739637762368e-19, -1.5124510267462233e-19, -1.5052176470442006e-19, -1.498039074458533e-19, -1.4909148853084873e-19, -1.48384465652355e-19, -1.476827965773108e-19, -1.4698643915724978e-19, -1.4629535133651493e-19, -1.4560949116461722e-19, -1.4492881680419245e-19, -1.4425328653928043e-19, -1.4358285878644078e-19, -1.4291749210023765e-19], "error": [0, 0, 0, 0, 0, 0, 0, 0, 0, 0, 0, 0, 0, 0, 0, 0, 0, 0, 0, 0, 0, 0, 0, 0, 0, 0, 0, 0, 0, 0, 0, 0, 0, 0, 0, 0, 0, 0, 0, 0, 0, 0, 0, 0, 0, 0, 0, 0, 0, 0, 0, 0, 0, 0, 0, 0, 0, 0, 0, 0, 0, 0, 0, 0, 0, 0, 0, 0, 0, 0, 0, 0, 0, 0, 0, 0, 0, 0, 0, 0, 0, 0, 0, 0, 0, 0, 0, 0, 0, 0, 0, 0, 0, 0, 0, 0, 0, 0, 0, 0], "metadata": {"calculation": "selfenergy", "integration method": "square", "date": "2022-05-04 13:12:15.781845"}}