{"x": [0.01, 0.025050505050505052, 0.0401010101010101, 0.05515151515151515, 0.0702020202020202, 0.08525252525252525, 0.1003030303030303, 0.11535353535353535, 0.1304040404040404, 0.14545454545454545, 0.1605050505050505, 0.17555555555555558, 0.1906060606060606, 0.20565656565656565, 0.2207070707070707, 0.23575757575757578, 0.2508080808080808, 0.26585858585858585, 0.2809090909090909, 0.295959595959596, 0.311010101010101, 0.32606060606060605, 0.34111111111111114, 0.3561616161616162, 0.3712121212121212, 0.38626262626262625, 0.4013131313131313, 0.4163636363636364, 0.4314141414141414, 0.44646464646464645, 0.46151515151515154, 0.4765656565656566, 0.4916161616161616, 0.5066666666666666, 0.5217171717171717, 0.5367676767676768, 0.5518181818181818, 0.5668686868686869, 0.581919191919192, 0.5969696969696969, 0.612020202020202, 0.6270707070707071, 0.6421212121212121, 0.6571717171717172, 0.6722222222222223, 0.6872727272727273, 0.7023232323232323, 0.7173737373737373, 0.7324242424242424, 0.7474747474747475, 0.7625252525252525, 0.7775757575757576, 0.7926262626262626, 0.8076767676767677, 0.8227272727272728, 0.8377777777777777, 0.8528282828282828, 0.8678787878787879, 0.8829292929292929, 0.897979797979798, 0.9130303030303031, 0.9280808080808081, 0.9431313131313132, 0.9581818181818181, 0.9732323232323232, 0.9882828282828283, 1.0033333333333332, 1.0183838383838384, 1.0334343434343434, 1.0484848484848486, 1.0635353535353536, 1.0785858585858585, 1.0936363636363635, 1.1086868686868687, 1.1237373737373737, 1.1387878787878787, 1.1538383838383839, 1.1688888888888889, 1.1839393939393938, 1.198989898989899, 1.214040404040404, 1.229090909090909, 1.2441414141414142, 1.2591919191919192, 1.2742424242424242, 1.2892929292929294, 1.3043434343434344, 1.3193939393939393, 1.3344444444444445, 1.3494949494949495, 1.3645454545454545, 1.3795959595959595, 1.3946464646464647, 1.4096969696969697, 1.4247474747474747, 1.4397979797979799, 1.4548484848484848, 1.4698989898989898, 1.484949494949495, 1.5], "y": [-4.4896875387672936e-26, -4.9480794403598026e-26, -5.0739876213368584e-26, -5.131986821160584e-26, -5.165226774268804e-26, -5.186725754936923e-26, -5.201741873295803e-26, -5.212801901217817e-26, -5.221270024083527e-26, -5.227947179914777e-26, -5.233334395784234e-26, -5.237761048462544e-26, -5.241452497523919e-26, -5.244568076438563e-26, -5.247223563267076e-26, -5.249505054860137e-26, -5.251477850202064e-26, -5.253192317981268e-26, -5.254687877973027e-26, -5.255995766767724e-26, -5.257140999013288e-26, -5.258143783602008e-26, -5.259020562681498e-26, -5.259784784597591e-26, -5.260447485790803e-26, -5.261017733213766e-26, -5.261502963274466e-26, -5.261909242786017e-26, -5.262241470154527e-26, -5.262503529952648e-26, -5.26269841039227e-26, -5.262828290556813e-26, -5.26289460226661e-26, -5.26289806991287e-26, -5.262838730352263e-26, -5.26271593388967e-26, -5.26252832639837e-26, -5.262273811652283e-26, -5.261949491893095e-26, -5.261551583433859e-26, -5.261075302597854e-26, -5.260514715356987e-26, -5.259862541458041e-26, -5.259109900303802e-26, -5.25824598093833e-26, -5.257257611484176e-26, -5.256128693228974e-26, -5.254839449570936e-26, -5.253365417475819e-26, -5.251676074446291e-26, -5.249732939575289e-26, -5.247486899631878e-26, -5.244874366162098e-26, -5.241811622279831e-26, -5.238186281016846e-26, -5.233843974351146e-26, -5.228566847516169e-26, -5.222037297616904e-26, -5.213773610687119e-26, -5.203008291123499e-26, -5.188439076300937e-26, -5.1676639704418257e-26, -5.1357049422643224e-26, -5.0802605720894034e-26, -4.960112402644552e-26, -4.496894038080908e-26, -1.9314304776710955e-26, -4.786383514531798e-27, -2.531446713503866e-27, -1.7105351997170683e-27, -1.2839602725396655e-27, -1.0224445047870431e-27, -8.457664130519971e-28, -7.18478397059588e-28, -6.224753415351751e-28, -5.475392357370023e-28, -4.874644311110442e-28, -4.382636433188816e-28, -3.9725779493999027e-28, -3.6258009986494823e-28, -3.3288988907988257e-28, -3.0719947910257106e-28, -2.847651959326647e-28, -2.6501642777296007e-28, -2.4750807289730254e-28, -2.318878500730037e-28, -2.1787331978528713e-28, -2.052354092764665e-28, -1.9378639040264265e-28, -1.8337096669380067e-28, -1.7385957023664221e-28, -1.6514325454302644e-28, -1.5712975700770768e-28, -1.497404299717684e-28, -1.4290782479213049e-28, -1.3657377238449036e-28, -1.3068784516954385e-28, -1.2520611485636435e-28, -1.2009014175332767e-28, -1.1530614679197006e-28], "error": [0, 0, 0, 0, 0, 0, 0, 0, 0, 0, 0, 0, 0, 0, 0, 0, 0, 0, 0, 0, 0, 0, 0, 0, 0, 0, 0, 0, 0, 0, 0, 0, 0, 0, 0, 0, 0, 0, 0, 0, 0, 0, 0, 0, 0, 0, 0, 0, 0, 0, 0, 0, 0, 0, 0, 0, 0, 0, 0, 0, 0, 0, 0, 0, 0, 0, 0, 0, 0, 0, 0, 0, 0, 0, 0, 0, 0, 0, 0, 0, 0, 0, 0, 0, 0, 0, 0, 0, 0, 0, 0, 0, 0, 0, 0, 0, 0, 0, 0, 0], "metadata": {"calculation": "selfenergy", "integration method": "square", "date": "2022-04-30 13:48:23.854062"}}