{"x": [0.96, 0.9608080808080808, 0.9616161616161616, 0.9624242424242424, 0.9632323232323232, 0.964040404040404, 0.9648484848484848, 0.9656565656565657, 0.9664646464646465, 0.9672727272727273, 0.9680808080808081, 0.9688888888888889, 0.9696969696969697, 0.9705050505050504, 0.9713131313131312, 0.972121212121212, 0.9729292929292929, 0.9737373737373737, 0.9745454545454545, 0.9753535353535353, 0.9761616161616161, 0.9769696969696969, 0.9777777777777777, 0.9785858585858586, 0.9793939393939394, 0.9802020202020202, 0.981010101010101, 0.9818181818181818, 0.9826262626262626, 0.9834343434343434, 0.9842424242424243, 0.9850505050505051, 0.9858585858585859, 0.9866666666666667, 0.9874747474747475, 0.9882828282828283, 0.9890909090909091, 0.98989898989899, 0.9907070707070706, 0.9915151515151515, 0.9923232323232323, 0.9931313131313131, 0.9939393939393939, 0.9947474747474747, 0.9955555555555555, 0.9963636363636363, 0.9971717171717172, 0.997979797979798, 0.9987878787878788, 0.9995959595959596, 1.0004040404040404, 1.0012121212121212, 1.002020202020202, 1.0028282828282828, 1.0036363636363637, 1.0044444444444445, 1.0052525252525253, 1.006060606060606, 1.006868686868687, 1.0076767676767677, 1.0084848484848485, 1.0092929292929294, 1.0101010101010102, 1.010909090909091, 1.0117171717171718, 1.0125252525252526, 1.0133333333333334, 1.0141414141414142, 1.014949494949495, 1.0157575757575759, 1.0165656565656567, 1.0173737373737375, 1.0181818181818183, 1.0189898989898991, 1.01979797979798, 1.0206060606060605, 1.0214141414141413, 1.0222222222222221, 1.023030303030303, 1.0238383838383838, 1.0246464646464646, 1.0254545454545454, 1.0262626262626262, 1.027070707070707, 1.0278787878787878, 1.0286868686868686, 1.0294949494949495, 1.0303030303030303, 1.031111111111111, 1.031919191919192, 1.0327272727272727, 1.0335353535353535, 1.0343434343434343, 1.0351515151515152, 1.035959595959596, 1.0367676767676768, 1.0375757575757576, 1.0383838383838384, 1.0391919191919192, 1.04], "y": [1.752239608338268e-19, 1.7517411442055458e-19, 1.7512429269253256e-19, 1.7507450071091772e-19, 1.7502474341348598e-19, 1.749750247467011e-19, 1.7492534676499427e-19, 1.7487570910722537e-19, 1.7482610914296075e-19, 1.7477654269096789e-19, 1.7472700491707013e-19, 1.7467749106133475e-19, 1.7462799687021046e-19, 1.7457851877930627e-19, 1.7452905394362843e-19, 1.7447960019605364e-19, 1.744301559838109e-19, 1.7438072030870945e-19, 1.7433129268267777e-19, 1.7428187310316496e-19, 1.7423246204992844e-19, 1.7418306050350754e-19, 1.7413366998456086e-19, 1.740842926103807e-19, 1.7403493115769288e-19, 1.7398558910575066e-19, 1.7393627060901878e-19, 1.738869803201119e-19, 1.7383772297364012e-19, 1.7378850269499106e-19, 1.73739322155361e-19, 1.7369018189613116e-19, 1.7364108018072562e-19, 1.7359201346235729e-19, 1.7354297719887372e-19, 1.7349396663879486e-19, 1.7344497736142361e-19, 1.7339600555185038e-19, 1.733470480887128e-19, 1.7329810253081913e-19, 1.7324916706310226e-19, 1.7320024043598816e-19, 1.7315132191472184e-19, 1.7310241124563097e-19, 1.7305350864175264e-19, 1.7300461478825694e-19, 1.7295573086692393e-19, 1.7290685859719098e-19, 1.728580002874398e-19, 1.7280915888204468e-19, 1.727603379746991e-19, 1.7271154173554527e-19, 1.7266277467569376e-19, 1.726140411743827e-19, 1.7256534476936525e-19, 1.7251668738174832e-19, 1.7246806880973803e-19, 1.7241948677356501e-19, 1.723709374873902e-19, 1.7232241644992187e-19, 1.7227391913128906e-19, 1.722254414108733e-19, 1.7217697978260106e-19, 1.7212853140730571e-19, 1.7208009408710394e-19, 1.7203166621128918e-19, 1.7198324670078741e-19, 1.7193483496395161e-19, 1.7188643086889917e-19, 1.7183803473395594e-19, 1.7178964733603027e-19, 1.7174126993538539e-19, 1.7169290431323147e-19, 1.7164455281466469e-19, 1.7159621838226533e-19, 1.7154790455305694e-19, 1.7149961537165026e-19, 1.714513551506255e-19, 1.7140312801156991e-19, 1.7135493721393053e-19, 1.7130678444028342e-19, 1.7125866935078086e-19, 1.7121058965668084e-19, 1.711625416747878e-19, 1.7111452107228944e-19, 1.710665235080393e-19, 1.7101854504084583e-19, 1.70970582321845e-19, 1.7092263264476193e-19, 1.708746939233431e-19, 1.708267646420396e-19, 1.707788438052568e-19, 1.7073093089724636e-19, 1.7068302585745072e-19, 1.7063512907240653e-19, 1.7058724138316505e-19, 1.7053936410521878e-19, 1.7049149905537504e-19, 1.7044364857666202e-19, 1.7039581554852913e-19], "error": [0, 0, 0, 0, 0, 0, 0, 0, 0, 0, 0, 0, 0, 0, 0, 0, 0, 0, 0, 0, 0, 0, 0, 0, 0, 0, 0, 0, 0, 0, 0, 0, 0, 0, 0, 0, 0, 0, 0, 0, 0, 0, 0, 0, 0, 0, 0, 0, 0, 0, 0, 0, 0, 0, 0, 0, 0, 0, 0, 0, 0, 0, 0, 0, 0, 0, 0, 0, 0, 0, 0, 0, 0, 0, 0, 0, 0, 0, 0, 0, 0, 0, 0, 0, 0, 0, 0, 0, 0, 0, 0, 0, 0, 0, 0, 0, 0, 0, 0, 0], "metadata": {"calculation": "selfenergy", "integration method": "square", "date": "2022-04-29 15:03:51.038273"}}