{"x": [0.01, 0.025050505050505052, 0.0401010101010101, 0.05515151515151515, 0.0702020202020202, 0.08525252525252525, 0.1003030303030303, 0.11535353535353535, 0.1304040404040404, 0.14545454545454545, 0.1605050505050505, 0.17555555555555558, 0.1906060606060606, 0.20565656565656565, 0.2207070707070707, 0.23575757575757578, 0.2508080808080808, 0.26585858585858585, 0.2809090909090909, 0.295959595959596, 0.311010101010101, 0.32606060606060605, 0.34111111111111114, 0.3561616161616162, 0.3712121212121212, 0.38626262626262625, 0.4013131313131313, 0.4163636363636364, 0.4314141414141414, 0.44646464646464645, 0.46151515151515154, 0.4765656565656566, 0.4916161616161616, 0.5066666666666666, 0.5217171717171717, 0.5367676767676768, 0.5518181818181818, 0.5668686868686869, 0.581919191919192, 0.5969696969696969, 0.612020202020202, 0.6270707070707071, 0.6421212121212121, 0.6571717171717172, 0.6722222222222223, 0.6872727272727273, 0.7023232323232323, 0.7173737373737373, 0.7324242424242424, 0.7474747474747475, 0.7625252525252525, 0.7775757575757576, 0.7926262626262626, 0.8076767676767677, 0.8227272727272728, 0.8377777777777777, 0.8528282828282828, 0.8678787878787879, 0.8829292929292929, 0.897979797979798, 0.9130303030303031, 0.9280808080808081, 0.9431313131313132, 0.9581818181818181, 0.9732323232323232, 0.9882828282828283, 1.0033333333333332, 1.0183838383838384, 1.0334343434343434, 1.0484848484848486, 1.0635353535353536, 1.0785858585858585, 1.0936363636363635, 1.1086868686868687, 1.1237373737373737, 1.1387878787878787, 1.1538383838383839, 1.1688888888888889, 1.1839393939393938, 1.198989898989899, 1.214040404040404, 1.229090909090909, 1.2441414141414142, 1.2591919191919192, 1.2742424242424242, 1.2892929292929294, 1.3043434343434344, 1.3193939393939393, 1.3344444444444445, 1.3494949494949495, 1.3645454545454545, 1.3795959595959595, 1.3946464646464647, 1.4096969696969697, 1.4247474747474747, 1.4397979797979799, 1.4548484848484848, 1.4698989898989898, 1.484949494949495, 1.5], "y": [-2.49782408439098e-19, -2.4833794697641015e-19, -2.468981037526495e-19, -2.4546890575590963e-19, -2.4404869638676874e-19, -2.4263619573167656e-19, -2.4123508875713825e-19, -2.39840605258481e-19, -2.384541621506003e-19, -2.3707730646505743e-19, -2.3570969469017563e-19, -2.343511895522476e-19, -2.3300045497162e-19, -2.316575943246785e-19, -2.3032535736737303e-19, -2.2900081228520395e-19, -2.276849222662892e-19, -2.263783055663008e-19, -2.2508018128068876e-19, -2.2379020979683907e-19, -2.225102879864922e-19, -2.2123747987818816e-19, -2.1997399790757627e-19, -2.18719909542042e-19, -2.174737931812972e-19, -2.162356816527193e-19, -2.150068044300762e-19, -2.1378693078784342e-19, -2.1257555576513244e-19, -2.113725108640251e-19, -2.1017777854351952e-19, -2.0899144790457108e-19, -2.0781363925826995e-19, -2.0664438778482388e-19, -2.0548364538398159e-19, -2.0433134309906166e-19, -2.031874228350775e-19, -2.0205184024838894e-19, -2.009245604252586e-19, -1.9980555493007341e-19, -1.9869480118158458e-19, -1.975922823541914e-19, -1.9649798340831138e-19, -1.9541187787516787e-19, -1.9433391040038147e-19, -1.9326399779747242e-19, -1.9220205615826904e-19, -1.911480202765386e-19, -1.9010184199897e-19, -1.890634960569622e-19, -1.8803301179378588e-19, -1.8701050565359655e-19, -1.8599602692016857e-19, -1.8498933079054365e-19, -1.839901699798222e-19, -1.8299845602791537e-19, -1.820142350106392e-19, -1.8103776766315144e-19, -1.8006916454248826e-19, -1.7910798298129875e-19, -1.781539397206898e-19, -1.7720707333710313e-19, -1.7626780268195116e-19, -1.753361829514798e-19, -1.7441161664219729e-19, -1.7349396663879486e-19, -1.7258360140890815e-19, -1.7168081500993493e-19, -1.707848334701168e-19, -1.6989537387722228e-19, -1.6901297424947447e-19, -1.681379823524783e-19, -1.6726956430689262e-19, -1.6640753265469014e-19, -1.6555270405232454e-19, -1.647048100186061e-19, -1.6386303463330099e-19, -1.6302788443140575e-19, -1.6219987243619272e-19, -1.6137795511712607e-19, -1.6056219117188535e-19, -1.5975350917758385e-19, -1.5895093945916182e-19, -1.5815421140710798e-19, -1.5736442023233072e-19, -1.5658066969757952e-19, -1.558025625741751e-19, -1.5503127320356853e-19, -1.5426581427320315e-19, -1.5350590982761254e-19, -1.52752725915242e-19, -1.5200502687768276e-19, -1.5126296020263637e-19, -1.505274233355322e-19, -1.497969710354655e-19, -1.4907244394997202e-19, -1.48353985842623e-19, -1.476403823983444e-19, -1.4693305951414756e-19, -1.462310300428763e-19], "error": [0, 0, 0, 0, 0, 0, 0, 0, 0, 0, 0, 0, 0, 0, 0, 0, 0, 0, 0, 0, 0, 0, 0, 0, 0, 0, 0, 0, 0, 0, 0, 0, 0, 0, 0, 0, 0, 0, 0, 0, 0, 0, 0, 0, 0, 0, 0, 0, 0, 0, 0, 0, 0, 0, 0, 0, 0, 0, 0, 0, 0, 0, 0, 0, 0, 0, 0, 0, 0, 0, 0, 0, 0, 0, 0, 0, 0, 0, 0, 0, 0, 0, 0, 0, 0, 0, 0, 0, 0, 0, 0, 0, 0, 0, 0, 0, 0, 0, 0, 0], "metadata": {"calculation": "selfenergy", "integration method": "square", "date": "2022-05-04 13:11:56.566093"}}