{"x": [0.96, 0.9608080808080808, 0.9616161616161616, 0.9624242424242424, 0.9632323232323232, 0.964040404040404, 0.9648484848484848, 0.9656565656565657, 0.9664646464646465, 0.9672727272727273, 0.9680808080808081, 0.9688888888888889, 0.9696969696969697, 0.9705050505050504, 0.9713131313131312, 0.972121212121212, 0.9729292929292929, 0.9737373737373737, 0.9745454545454545, 0.9753535353535353, 0.9761616161616161, 0.9769696969696969, 0.9777777777777777, 0.9785858585858586, 0.9793939393939394, 0.9802020202020202, 0.981010101010101, 0.9818181818181818, 0.9826262626262626, 0.9834343434343434, 0.9842424242424243, 0.9850505050505051, 0.9858585858585859, 0.9866666666666667, 0.9874747474747475, 0.9882828282828283, 0.9890909090909091, 0.98989898989899, 0.9907070707070706, 0.9915151515151515, 0.9923232323232323, 0.9931313131313131, 0.9939393939393939, 0.9947474747474747, 0.9955555555555555, 0.9963636363636363, 0.9971717171717172, 0.997979797979798, 0.9987878787878788, 0.9995959595959596, 1.0004040404040404, 1.0012121212121212, 1.002020202020202, 1.0028282828282828, 1.0036363636363637, 1.0044444444444445, 1.0052525252525253, 1.006060606060606, 1.006868686868687, 1.0076767676767677, 1.0084848484848485, 1.0092929292929294, 1.0101010101010102, 1.010909090909091, 1.0117171717171718, 1.0125252525252526, 1.0133333333333334, 1.0141414141414142, 1.014949494949495, 1.0157575757575759, 1.0165656565656567, 1.0173737373737375, 1.0181818181818183, 1.0189898989898991, 1.01979797979798, 1.0206060606060605, 1.0214141414141413, 1.0222222222222221, 1.023030303030303, 1.0238383838383838, 1.0246464646464646, 1.0254545454545454, 1.0262626262626262, 1.027070707070707, 1.0278787878787878, 1.0286868686868686, 1.0294949494949495, 1.0303030303030303, 1.031111111111111, 1.031919191919192, 1.0327272727272727, 1.0335353535353535, 1.0343434343434343, 1.0351515151515152, 1.035959595959596, 1.0367676767676768, 1.0375757575757576, 1.0383838383838384, 1.0391919191919192, 1.04], "y": [8.150255214542382e-29, 8.133129402395573e-29, 8.116053927726243e-29, 8.099028600466501e-29, 8.082053231424863e-29, 8.065127632281475e-29, 8.048251615583407e-29, 8.031424994739894e-29, 8.014647584017692e-29, 7.997919116877643e-29, 7.98123957277538e-29, 7.964608686692822e-29, 7.948026276280489e-29, 7.931492160023441e-29, 7.915006157236751e-29, 7.898568088061012e-29, 7.882177773457929e-29, 7.865835035205838e-29, 7.849539695895341e-29, 7.833291517980146e-29, 7.817090447677886e-29, 7.800936248918621e-29, 7.784828747498539e-29, 7.768767770004492e-29, 7.752756595953651e-29, 7.73678811081252e-29, 7.720865665435554e-29, 7.704989058174606e-29, 7.68915811950676e-29, 7.673372594288314e-29, 7.657632473638142e-29, 7.641937534372184e-29, 7.626287590297639e-29, 7.61068244051914e-29, 7.59512200113e-29, 7.579606060038638e-29, 7.564134458579235e-29, 7.548707033974677e-29, 7.533323624177615e-29, 7.51798401098463e-29, 7.502688147676033e-29, 7.487435817372664e-29, 7.472226860907876e-29, 7.457061119825708e-29, 7.441938436377131e-29, 7.426858661345679e-29, 7.411821622710542e-29, 7.396827172666504e-29, 7.381875150609106e-29, 7.36696532832788e-29, 7.352097717241492e-29, 7.337272079029454e-29, 7.322488270141563e-29, 7.307746121657957e-29, 7.293045491390877e-29, 7.278388768667976e-29, 7.263770719756583e-29, 7.249193740423043e-29, 7.234657682434505e-29, 7.220162409089795e-29, 7.205707634048297e-29, 7.191293483562069e-29, 7.176919641802571e-29, 7.162585989956423e-29, 7.148292383660467e-29, 7.134038679184829e-29, 7.11982473342964e-29, 7.105650414370009e-29, 7.091515559239033e-29, 7.077420037276453e-29, 7.063363707869964e-29, 7.049346431021185e-29, 7.035368067342451e-29, 7.021428478053662e-29, 7.007527400418106e-29, 6.993664946230054e-29, 6.979840853705287e-29, 6.966054986462943e-29, 6.952307208714289e-29, 6.93859738525968e-29, 6.92492538148554e-29, 6.911291063361367e-29, 6.897694306898338e-29, 6.884134960281399e-29, 6.870601466210274e-29, 6.857116584362261e-29, 6.843668726592457e-29, 6.83025776230699e-29, 6.816883561207118e-29, 6.803545994356611e-29, 6.790244863620819e-29, 6.77698017867758e-29, 6.763751742630373e-29, 6.750559428218101e-29, 6.7374031088117e-29, 6.72428265806561e-29, 6.71119795043395e-29, 6.698154617844681e-29, 6.685141010539053e-29, 6.672162772661749e-29], "error": [9.989779382037276e-31, 9.968788826005359e-31, 9.947859965326118e-31, 9.926992566997463e-31, 9.906186399211078e-31, 9.885441231122842e-31, 9.86475683295906e-31, 9.844132976096863e-31, 9.82356943289915e-31, 9.99423241910219e-31, 9.973390160446258e-31, 9.952608701753117e-31, 9.93188781516822e-31, 9.91122727389147e-31, 9.890626852154203e-31, 9.870086325118711e-31, 9.849605469320136e-31, 9.82918406185548e-31, 9.808821881148491e-31, 9.984989240492668e-31, 9.96433851636129e-31, 9.943747535589455e-31, 9.923216076046378e-31, 9.902743916699035e-31, 9.98897394386814e-31, 9.995066598851327e-31, 9.974497129852132e-31, 9.953986875409584e-31, 9.933535616491846e-31, 9.999795814952926e-31, 9.985988134979516e-31, 9.991997622466383e-31, 9.971535531563964e-31, 9.990857285044135e-31, 9.996428266902484e-31, 9.976007284514503e-31, 9.955644657224586e-31, 9.935340170852724e-31, 9.915093612133693e-31, 9.999302774523874e-31, 9.978959035696377e-31, 9.958673194927842e-31, 9.938445040539138e-31, 9.918274361773567e-31, 9.898160948747695e-31, 9.987936077297654e-31, 9.967714202178469e-31, 9.947549598919239e-31, 9.982440078321644e-31, 9.985645962805985e-31, 9.965494003401046e-31, 9.945398933592215e-31, 9.98371301655221e-31, 9.963613631848988e-31, 9.943570851407548e-31, 9.994654762923568e-31, 9.974581842475057e-31, 9.954565315657679e-31, 9.934604978886501e-31, 9.991952326060701e-31, 9.99848243071373e-31, 9.980946949049946e-31, 9.960997713724248e-31, 9.941104255934936e-31, 9.921266375308075e-31, 9.90148387232198e-31, 9.881756548490335e-31, 9.98621096616812e-31, 9.966346496518948e-31, 9.946537302427555e-31, 9.92678318633029e-31, 9.907083951420516e-31, 9.887439401909153e-31, 9.867849342742708e-31, 9.998982956019099e-31, 9.979203245861928e-31, 9.959478270817598e-31, 9.939807836284506e-31, 9.920191748504408e-31, 9.900629814642193e-31, 9.881121842632988e-31, 9.861667641184282e-31, 9.983536957886633e-31, 9.963912028773046e-31, 9.985899773582936e-31, 9.966301031438206e-31, 9.946756098075415e-31, 9.927264783890967e-31, 9.993422268932219e-31, 9.973870148141757e-31, 9.980469357340312e-31, 9.960973093834534e-31, 9.941530107141151e-31, 9.922140210224827e-31, 9.98471595888099e-31, 9.965272170383354e-31, 9.945881349861625e-31, 9.992746214973252e-31, 9.991847689212283e-31, 9.972450448755375e-31], "metadata": {"calculation": "selfenergy", "integration method": "dquad", "date": "2022-04-29 15:07:34.920365"}}