{"x": [0.01, 0.025050505050505052, 0.0401010101010101, 0.05515151515151515, 0.0702020202020202, 0.08525252525252525, 0.1003030303030303, 0.11535353535353535, 0.1304040404040404, 0.14545454545454545, 0.1605050505050505, 0.17555555555555558, 0.1906060606060606, 0.20565656565656565, 0.2207070707070707, 0.23575757575757578, 0.2508080808080808, 0.26585858585858585, 0.2809090909090909, 0.295959595959596, 0.311010101010101, 0.32606060606060605, 0.34111111111111114, 0.3561616161616162, 0.3712121212121212, 0.38626262626262625, 0.4013131313131313, 0.4163636363636364, 0.4314141414141414, 0.44646464646464645, 0.46151515151515154, 0.4765656565656566, 0.4916161616161616, 0.5066666666666666, 0.5217171717171717, 0.5367676767676768, 0.5518181818181818, 0.5668686868686869, 0.581919191919192, 0.5969696969696969, 0.612020202020202, 0.6270707070707071, 0.6421212121212121, 0.6571717171717172, 0.6722222222222223, 0.6872727272727273, 0.7023232323232323, 0.7173737373737373, 0.7324242424242424, 0.7474747474747475, 0.7625252525252525, 0.7775757575757576, 0.7926262626262626, 0.8076767676767677, 0.8227272727272728, 0.8377777777777777, 0.8528282828282828, 0.8678787878787879, 0.8829292929292929, 0.897979797979798, 0.9130303030303031, 0.9280808080808081, 0.9431313131313132, 0.9581818181818181, 0.9732323232323232, 0.9882828282828283, 1.0033333333333332, 1.0183838383838384, 1.0334343434343434, 1.0484848484848486, 1.0635353535353536, 1.0785858585858585, 1.0936363636363635, 1.1086868686868687, 1.1237373737373737, 1.1387878787878787, 1.1538383838383839, 1.1688888888888889, 1.1839393939393938, 1.198989898989899, 1.214040404040404, 1.229090909090909, 1.2441414141414142, 1.2591919191919192, 1.2742424242424242, 1.2892929292929294, 1.3043434343434344, 1.3193939393939393, 1.3344444444444445, 1.3494949494949495, 1.3645454545454545, 1.3795959595959595, 1.3946464646464647, 1.4096969696969697, 1.4247474747474747, 1.4397979797979799, 1.4548484848484848, 1.4698989898989898, 1.484949494949495, 1.5], "y": [4.3077833542436757e-19, 4.2736989749457263e-19, 3.9078188335011657e-19, 1.1228011225258437e-19, 2.1036496430969482e-20, 8.523384279404125e-21, 4.5218622777727364e-21, 2.757458396774382e-21, 1.8339517929339817e-21, 1.2950029253855509e-21, 9.55626943303726e-22, 7.295023826524374e-22, 5.7209291405763835e-22, 4.586115393735481e-22, 3.744172275059968e-22, 3.104358473996751e-22, 2.6081536250830925e-22, 2.2165323527641747e-22, 1.9027147792350375e-22, 1.6478637763513018e-22, 1.4384395327427705e-22, 1.2645224512243477e-22, 1.118720926031199e-22, 9.954428684836198e-23, 8.903993966639817e-23, 8.002601784689743e-23, 7.224099233078194e-23, 6.547736212703948e-23, 5.956893154488949e-23, 5.438142581751594e-23, 4.9805485287275124e-23, 4.5751376839295285e-23, 4.214496035739815e-23, 3.8924582855236085e-23, 3.603866554545765e-23, 3.344381361976621e-23, 3.110332395312784e-23, 2.8985998345329823e-23, 2.7065193257314364e-23, 2.5318053998750136e-23, 2.3724893785488284e-23, 2.2268687378569527e-23, 2.0934655868153465e-23, 1.970992460754606e-23, 1.858323963406646e-23, 1.7544731986388065e-23, 1.6585720591176156e-23, 1.5698546862257327e-23, 1.4876435319892358e-23, 1.4113375686850956e-23, 1.3404022788788e-23, 1.2743611266460028e-23, 1.2127882667568408e-23, 1.1553022916529891e-23, 1.1015608522360293e-23, 1.0512560162273744e-23, 1.0041102517788096e-23, 9.598729424964386e-24, 9.18317355248076e-24, 8.79237995979575e-24, 8.42448297222982e-24, 8.077785915050387e-24, 7.750743314212817e-24, 7.441945221727033e-24, 7.150103389430394e-24, 6.874039044265252e-24, 6.612672059667619e-24, 6.3650113443888e-24, 6.130146295654748e-24, 5.907239185373004e-24, 5.695518366095393e-24, 5.49427219688787e-24, 5.302843604788804e-24, 5.120625207966422e-24, 4.9470549327158275e-24, 4.78161207725307e-24, 4.623813746548925e-24, 4.473211668304932e-24, 4.32938928522434e-24, 4.191959139409985e-24, 4.060560499519876e-24, 3.9348572095063946e-24, 3.814535733458627e-24, 3.6993033784646674e-24, 3.588886678553553e-24, 3.4830299120194845e-24, 3.381493767112936e-24, 3.284054105351039e-24, 3.190500838480884e-24, 3.1006368992702507e-24, 3.01427729908614e-24, 2.931248261660966e-24, 2.851386429161767e-24, 2.774538131784662e-24, 2.7005587157591906e-24, 2.6293119249515023e-24, 2.560669330780294e-24, 2.4945098057771273e-24, 2.4307190387617646e-24, 2.3691890852753167e-24], "error": [1.185746658510069e-26, 1.1450707677137177e-26, 1.0319496161303813e-26, 2.8962192522334827e-27, 5.132511639563693e-28, 2.1262543137538036e-28, 1.1569074266239217e-28, 5.30808523622285e-29, 3.6465988644316257e-29, 2.670693899960879e-29, 2.513270304713447e-29, 1.9617261171663858e-29, 1.5310503777030774e-29, 1.2222425010245458e-29, 9.942303759706873e-30, 8.216976628264863e-30, 6.88400393237026e-30, 5.8355745963803334e-30, 4.998024150910974e-30, 4.319746231051478e-30, 3.763781836798997e-30, 3.303146272816281e-30, 2.9177937398992092e-30, 2.592604089312025e-30, 2.3160109738601512e-30, 2.0790557865267622e-30, 1.8747200031914032e-30, 1.697446309741353e-30, 1.5427932418313512e-30, 1.4071790093997252e-30, 1.2876918071449964e-30, 1.1819462043810412e-30, 1.0879744823393007e-30, 1.0041425745677532e-30, 9.93942881479202e-31, 9.91715881348826e-31, 9.909139506463147e-31, 9.928234685489717e-31, 9.936160690330652e-31, 9.779586436146981e-31, 9.947143482135146e-31, 9.850439034881848e-31, 9.972769352425665e-31, 9.939825469277975e-31, 9.9788943539027e-31, 9.825216834477478e-31, 9.825888416777476e-31, 9.98917128587631e-31, 9.997765005526833e-31, 9.89028097713926e-31, 9.960326509164163e-31, 9.935268648193441e-31, 9.962762280855039e-31, 9.938643242871926e-31, 9.97113149932376e-31, 9.931746219958298e-31, 9.984315116714159e-31, 9.985445377646707e-31, 9.987119053830423e-31, 9.988022993238637e-31, 9.962795401231727e-31, 9.931739074798616e-31, 9.966673179947583e-31, 9.978424714522189e-31, 9.980466851929284e-31, 9.978688386166384e-31, 9.734516108802383e-31, 9.883344881506577e-31, 9.966449447031501e-31, 9.973374739363178e-31, 9.956990032122073e-31, 9.999373282408607e-31, 9.891832464932102e-31, 9.941423825871651e-31, 9.99981800681257e-31, 9.962712288613646e-31, 9.925055116007705e-31, 9.996358617847036e-31, 9.972327253510221e-31, 9.955411980800904e-31, 9.951681451498341e-31, 9.990356938649727e-31, 9.979258700169283e-31, 9.990629889741035e-31, 9.943083719310426e-31, 9.944312542063844e-31, 9.944288751867382e-31, 9.92802966078121e-31, 9.995914909699336e-31, 9.90464676425705e-31, 9.995760417124436e-31, 9.956236238037953e-31, 9.941377048449826e-31, 9.967777726521105e-31, 9.961368663864284e-31, 9.952830988496186e-31, 9.955544480366748e-31, 9.9918926954024e-31, 9.933828354336632e-31, 9.991639236305049e-31], "metadata": {"calculation": "selfenergy", "integration method": "dquad", "date": "2022-04-29 12:28:29.463822"}}