{"x": [0.01, 0.025050505050505052, 0.0401010101010101, 0.05515151515151515, 0.0702020202020202, 0.08525252525252525, 0.1003030303030303, 0.11535353535353535, 0.1304040404040404, 0.14545454545454545, 0.1605050505050505, 0.17555555555555558, 0.1906060606060606, 0.20565656565656565, 0.2207070707070707, 0.23575757575757578, 0.2508080808080808, 0.26585858585858585, 0.2809090909090909, 0.295959595959596, 0.311010101010101, 0.32606060606060605, 0.34111111111111114, 0.3561616161616162, 0.3712121212121212, 0.38626262626262625, 0.4013131313131313, 0.4163636363636364, 0.4314141414141414, 0.44646464646464645, 0.46151515151515154, 0.4765656565656566, 0.4916161616161616, 0.5066666666666666, 0.5217171717171717, 0.5367676767676768, 0.5518181818181818, 0.5668686868686869, 0.581919191919192, 0.5969696969696969, 0.612020202020202, 0.6270707070707071, 0.6421212121212121, 0.6571717171717172, 0.6722222222222223, 0.6872727272727273, 0.7023232323232323, 0.7173737373737373, 0.7324242424242424, 0.7474747474747475, 0.7625252525252525, 0.7775757575757576, 0.7926262626262626, 0.8076767676767677, 0.8227272727272728, 0.8377777777777777, 0.8528282828282828, 0.8678787878787879, 0.8829292929292929, 0.897979797979798, 0.9130303030303031, 0.9280808080808081, 0.9431313131313132, 0.9581818181818181, 0.9732323232323232, 0.9882828282828283, 1.0033333333333332, 1.0183838383838384, 1.0334343434343434, 1.0484848484848486, 1.0635353535353536, 1.0785858585858585, 1.0936363636363635, 1.1086868686868687, 1.1237373737373737, 1.1387878787878787, 1.1538383838383839, 1.1688888888888889, 1.1839393939393938, 1.198989898989899, 1.214040404040404, 1.229090909090909, 1.2441414141414142, 1.2591919191919192, 1.2742424242424242, 1.2892929292929294, 1.3043434343434344, 1.3193939393939393, 1.3344444444444445, 1.3494949494949495, 1.3645454545454545, 1.3795959595959595, 1.3946464646464647, 1.4096969696969697, 1.4247474747474747, 1.4397979797979799, 1.4548484848484848, 1.4698989898989898, 1.484949494949495, 1.5], "y": [-2.3472376875661194e-19, -2.256992433700446e-19, -2.1898268243462025e-19, -2.1333143087593362e-19, -2.0833391434147382e-19, -2.037922279792609e-19, -1.9959297996615495e-19, -1.9566398141504891e-19, -1.9195588848729009e-19, -1.884331925559904e-19, -1.8506932377805159e-19, -1.818437813453014e-19, -1.7874035033666174e-19, -1.7574594081196815e-19, -1.728498025973138e-19, -1.7004297699409504e-19, -1.6731790345126363e-19, -1.6466813078894628e-19, -1.6208810087340928e-19, -1.5957298368281454e-19, -1.5711854957943177e-19, -1.547210690128129e-19, -1.5237723277722196e-19, -1.5008408789637414e-19, -1.4783898554701076e-19, -1.4563953836820552e-19, -1.4348358516808986e-19, -1.4136916151949668e-19, -1.3929447508673653e-19, -1.3725788478570045e-19, -1.3525788307438382e-19, -1.3329308081835123e-19, -1.313621942888217e-19, -1.2946403393814717e-19, -1.2759749466552153e-19, -1.257615473391942e-19, -1.2395523138360817e-19, -1.2217764827378378e-19, -1.2042795580614356e-19, -1.187053630369462e-19, -1.1700912579721682e-19, -1.1533854270758004e-19, -1.13692951628281e-19, -1.1207172648956227e-19, -1.104742744555115e-19, -1.0890003338125448e-19, -1.0734846952859837e-19, -1.0581907550942709e-19, -1.0431136842902706e-19, -1.0282488820291535e-19, -1.0135919602020399e-19, -9.991387292310637e-20, -9.848851846459113e-20, -9.708274939232875e-20, -9.569619828493042e-20, -9.43285120358427e-20, -9.297935004800205e-20, -9.164838199320155e-20, -9.033528505642917e-20, -8.90397407911531e-20, -8.776143204982449e-20, -8.650004073618373e-20, -8.525524705074122e-20, -8.402673039882891e-20, -8.281417154916605e-20, -8.161725538155347e-20, -8.043567383886747e-20, -7.926912744519515e-20, -7.811732863551768e-20, -7.698000298832407e-20, -7.585689048499921e-20, -7.474774657898572e-20, -7.365234263810063e-20, -7.257046564559494e-20, -7.150191705418784e-20, -7.044651089292146e-20, -6.940407145630929e-20, -6.837443099974633e-20, -6.735742777301341e-20, -6.63529045365745e-20, -6.536070754502042e-20, -6.438068590129336e-20, -6.341269117080106e-20, -6.245657716271905e-20, -6.151219981199891e-20, -6.057941711851265e-20, -5.965808911643913e-20, -5.874807785800697e-20, -5.784924740260653e-20, -5.69614638064735e-20, -5.608459511051669e-20, -5.521851132533457e-20, -5.436308441313275e-20, -5.351818826674554e-20, -5.2683698686070704e-20, -5.185949335234708e-20, -5.104545180070228e-20, -5.0241455391346166e-20, -4.944738727977302e-20, -4.8663132386279276e-20]}