{"x": [0.01, 0.17555555555555558, 0.34111111111111114, 0.5066666666666667, 0.6722222222222223, 0.8377777777777778, 1.0033333333333334, 1.1688888888888889, 1.3344444444444445, 1.5], "y": [5.797846022405976e-19, 2.4135782464212183e-19, 2.181080804637463e-19, 4.249869616561571e-19, 1.9274739176995076e-18, 5.157605709919129e-19, 1.9002109064908707e-19, 1.594220640178978e-19, 2.8442081868094307e-19, 1.3000695408636597e-18]}