{"x": [0.01, 0.025050505050505052, 0.0401010101010101, 0.05515151515151515, 0.0702020202020202, 0.08525252525252525, 0.1003030303030303, 0.11535353535353535, 0.1304040404040404, 0.14545454545454545, 0.1605050505050505, 0.17555555555555558, 0.1906060606060606, 0.20565656565656565, 0.2207070707070707, 0.23575757575757578, 0.2508080808080808, 0.26585858585858585, 0.2809090909090909, 0.295959595959596, 0.311010101010101, 0.32606060606060605, 0.34111111111111114, 0.3561616161616162, 0.3712121212121212, 0.38626262626262625, 0.4013131313131313, 0.4163636363636364, 0.4314141414141414, 0.44646464646464645, 0.46151515151515154, 0.4765656565656566, 0.4916161616161616, 0.5066666666666666, 0.5217171717171717, 0.5367676767676768, 0.5518181818181818, 0.5668686868686869, 0.581919191919192, 0.5969696969696969, 0.612020202020202, 0.6270707070707071, 0.6421212121212121, 0.6571717171717172, 0.6722222222222223, 0.6872727272727273, 0.7023232323232323, 0.7173737373737373, 0.7324242424242424, 0.7474747474747475, 0.7625252525252525, 0.7775757575757576, 0.7926262626262626, 0.8076767676767677, 0.8227272727272728, 0.8377777777777777, 0.8528282828282828, 0.8678787878787879, 0.8829292929292929, 0.897979797979798, 0.9130303030303031, 0.9280808080808081, 0.9431313131313132, 0.9581818181818181, 0.9732323232323232, 0.9882828282828283, 1.0033333333333332, 1.0183838383838384, 1.0334343434343434, 1.0484848484848486, 1.0635353535353536, 1.0785858585858585, 1.0936363636363635, 1.1086868686868687, 1.1237373737373737, 1.1387878787878787, 1.1538383838383839, 1.1688888888888889, 1.1839393939393938, 1.198989898989899, 1.214040404040404, 1.229090909090909, 1.2441414141414142, 1.2591919191919192, 1.2742424242424242, 1.2892929292929294, 1.3043434343434344, 1.3193939393939393, 1.3344444444444445, 1.3494949494949495, 1.3645454545454545, 1.3795959595959595, 1.3946464646464647, 1.4096969696969697, 1.4247474747474747, 1.4397979797979799, 1.4548484848484848, 1.4698989898989898, 1.484949494949495, 1.5], "y": [2.49782408439098e-19, 2.483379469764109e-19, 2.4689810375264995e-19, 2.4546890575590934e-19, 2.4404869638676907e-19, 2.426361957316764e-19, 2.412350887571388e-19, 2.3984060525848166e-19, 2.3845416215060024e-19, 2.3707730646505714e-19, 2.357096946901753e-19, 2.343511895522473e-19, 2.330004549716192e-19, 2.316575943246785e-19, 2.303253573673731e-19, 2.290008122852056e-19, 2.2768492226628894e-19, 2.26378305566301e-19, 2.2508018128068914e-19, 2.2379020979684027e-19, 2.2251028798649244e-19, 2.2123747987818806e-19, 2.1997399790757656e-19, 2.1871990954204227e-19, 2.174737931812966e-19, 2.16235681652719e-19, 2.1500680443007597e-19, 2.1378693078784344e-19, 2.1257555576513194e-19, 2.1137251086402455e-19, 2.1017777854351897e-19, 2.0899144790457185e-19, 2.0781363925826993e-19, 2.0664438778482427e-19, 2.0548364538398245e-19, 2.0433134309906094e-19, 2.0318742283507777e-19, 2.0205184024838873e-19, 2.0092456042525862e-19, 1.9980555493007324e-19, 1.9869480118158467e-19, 1.975922823541916e-19, 1.9649798340831182e-19, 1.9541187787516816e-19, 1.9433391040038096e-19, 1.9326399779747259e-19, 1.9220205615826928e-19, 1.9114802027653874e-19, 1.9010184199896974e-19, 1.8906349605696208e-19, 1.8803301179378627e-19, 1.8701050565359552e-19, 1.8599602692016876e-19, 1.8498933079054387e-19, 1.8399016997982189e-19, 1.8299845602791481e-19, 1.8201423501063932e-19, 1.8103776766315164e-19, 1.8006916454248826e-19, 1.791079829812986e-19, 1.7815393972068986e-19, 1.7720707333710289e-19, 1.7626780268195092e-19, 1.7533618295147956e-19, 1.7441161664219685e-19, 1.7349396663879472e-19, 1.725836014089083e-19, 1.7168081500993502e-19, 1.70784833470117e-19, 1.6989537387722237e-19, 1.6901297424947447e-19, 1.6813798235247787e-19, 1.6726956430689243e-19, 1.6640753265469005e-19, 1.6555270405232413e-19, 1.6470481001860633e-19, 1.6386303463330137e-19, 1.6302788443140582e-19, 1.6219987243619299e-19, 1.6137795511712583e-19, 1.6056219117188552e-19, 1.5975350917758397e-19, 1.5895093945916168e-19, 1.581542114071083e-19, 1.5736442023233103e-19, 1.5658066969757904e-19, 1.5580256257417517e-19, 1.5503127320356875e-19, 1.5426581427320305e-19, 1.535059098276127e-19, 1.5275272591524193e-19, 1.5200502687768257e-19, 1.5126296020263625e-19, 1.505274233355326e-19, 1.4979697103546594e-19, 1.4907244394997219e-19, 1.4835398584262263e-19, 1.4764038239834473e-19, 1.469330595141476e-19, 1.4623103004287592e-19]}