{"x": [0.01, 0.025050505050505052, 0.0401010101010101, 0.05515151515151515, 0.0702020202020202, 0.08525252525252525, 0.1003030303030303, 0.11535353535353535, 0.1304040404040404, 0.14545454545454545, 0.1605050505050505, 0.17555555555555558, 0.1906060606060606, 0.20565656565656565, 0.2207070707070707, 0.23575757575757578, 0.2508080808080808, 0.26585858585858585, 0.2809090909090909, 0.295959595959596, 0.311010101010101, 0.32606060606060605, 0.34111111111111114, 0.3561616161616162, 0.3712121212121212, 0.38626262626262625, 0.4013131313131313, 0.4163636363636364, 0.4314141414141414, 0.44646464646464645, 0.46151515151515154, 0.4765656565656566, 0.4916161616161616, 0.5066666666666666, 0.5217171717171717, 0.5367676767676768, 0.5518181818181818, 0.5668686868686869, 0.581919191919192, 0.5969696969696969, 0.612020202020202, 0.6270707070707071, 0.6421212121212121, 0.6571717171717172, 0.6722222222222223, 0.6872727272727273, 0.7023232323232323, 0.7173737373737373, 0.7324242424242424, 0.7474747474747475, 0.7625252525252525, 0.7775757575757576, 0.7926262626262626, 0.8076767676767677, 0.8227272727272728, 0.8377777777777777, 0.8528282828282828, 0.8678787878787879, 0.8829292929292929, 0.897979797979798, 0.9130303030303031, 0.9280808080808081, 0.9431313131313132, 0.9581818181818181, 0.9732323232323232, 0.9882828282828283, 1.0033333333333332, 1.0183838383838384, 1.0334343434343434, 1.0484848484848486, 1.0635353535353536, 1.0785858585858585, 1.0936363636363635, 1.1086868686868687, 1.1237373737373737, 1.1387878787878787, 1.1538383838383839, 1.1688888888888889, 1.1839393939393938, 1.198989898989899, 1.214040404040404, 1.229090909090909, 1.2441414141414142, 1.2591919191919192, 1.2742424242424242, 1.2892929292929294, 1.3043434343434344, 1.3193939393939393, 1.3344444444444445, 1.3494949494949495, 1.3645454545454545, 1.3795959595959595, 1.3946464646464647, 1.4096969696969697, 1.4247474747474747, 1.4397979797979799, 1.4548484848484848, 1.4698989898989898, 1.484949494949495, 1.5], "y": [2.393375642318318e-19, 2.380145427035209e-19, 2.366986745114064e-19, 2.3538999818261247e-19, 2.3408854808836726e-19, 2.32794356320104e-19, 2.3150745322030087e-19, 2.3022786738705407e-19, 2.289556255899685e-19, 2.2769075269698326e-19, 2.2643327163712107e-19, 2.2518320339017764e-19, 2.23940566992838e-19, 2.227053795566311e-19, 2.214776562929456e-19, 2.20257410538198e-19, 2.190446537877864e-19, 2.1783939572740117e-19, 2.1664164426565746e-19, 2.1545140556901032e-19, 2.1426868409621564e-19, 2.130934826305828e-19, 2.1192580231777006e-19, 2.1076564269767835e-19, 2.096130017389943e-19, 2.0846787587477695e-19, 2.073302600360642e-19, 2.062001476853903e-19, 2.050775308509075e-19, 2.039624001603853e-19, 2.0285474487482208e-19, 2.0175455292178408e-19, 2.0066181092863215e-19, 1.9957650425561056e-19, 1.9849861702877273e-19, 1.9742813217272035e-19, 1.9636503144313866e-19, 1.9530929545912648e-19, 1.9426090373531346e-19, 1.9321983471377263e-19, 1.9218606579571037e-19, 1.9115957337293105e-19, 1.901403328590881e-19, 1.891283187207062e-19, 1.8812350450799003e-19, 1.8712586288542664e-19, 1.8613536566220836e-19, 1.851519838225081e-19, 1.8417568755566578e-19, 1.832064462863578e-19, 1.8224422870484922e-19, 1.8128900279749613e-19, 1.8034073587776112e-19, 1.7939939461817709e-19, 1.7846494508398936e-19, 1.775373527695211e-19, 1.766165826388916e-19, 1.757025991736356e-19, 1.747953664314845e-19, 1.7389484812290744e-19, 1.7300100771379293e-19, 1.7211380855766262e-19, 1.712332140265303e-19, 1.7035918748224884e-19, 1.6949169165084976e-19, 1.6863068695951396e-19, 1.677761299002284e-19, 1.6692797403992903e-19, 1.6608617358890512e-19, 1.6525068595989377e-19, 1.6442147123615755e-19, 1.635984902904368e-19, 1.6278170363208025e-19, 1.619710711240209e-19, 1.6116655205074583e-19, 1.603681052477067e-19, 1.5957568921200013e-19, 1.5878926218499697e-19, 1.5800878221053074e-19, 1.5723420717743457e-19, 1.5646549485444553e-19, 1.557026029174942e-19, 1.5494548897099984e-19, 1.541941105688786e-19, 1.5344842523305568e-19, 1.5270839046788067e-19, 1.519739637762367e-19, 1.512451026746224e-19, 1.5052176470441957e-19, 1.4980390744585298e-19, 1.4909148853084863e-19, 1.4838446565235488e-19, 1.4768279657731066e-19, 1.469864391572496e-19, 1.4629535133651445e-19, 1.4560949116461689e-19, 1.4492881680419257e-19, 1.442532865392807e-19, 1.4358285878644076e-19, 1.4291749210023787e-19]}