{"x": [0.95, 0.951010101010101, 0.952020202020202, 0.953030303030303, 0.954040404040404, 0.955050505050505, 0.956060606060606, 0.9570707070707071, 0.9580808080808081, 0.9590909090909091, 0.9601010101010101, 0.961111111111111, 0.962121212121212, 0.9631313131313131, 0.9641414141414141, 0.9651515151515151, 0.9661616161616161, 0.9671717171717171, 0.9681818181818181, 0.9691919191919192, 0.9702020202020202, 0.9712121212121212, 0.9722222222222222, 0.9732323232323232, 0.9742424242424242, 0.9752525252525253, 0.9762626262626263, 0.9772727272727273, 0.9782828282828283, 0.9792929292929293, 0.9803030303030302, 0.9813131313131312, 0.9823232323232323, 0.9833333333333333, 0.9843434343434343, 0.9853535353535353, 0.9863636363636363, 0.9873737373737373, 0.9883838383838384, 0.9893939393939394, 0.9904040404040404, 0.9914141414141414, 0.9924242424242424, 0.9934343434343434, 0.9944444444444445, 0.9954545454545455, 0.9964646464646465, 0.9974747474747475, 0.9984848484848485, 0.9994949494949494, 1.0005050505050506, 1.0015151515151515, 1.0025252525252526, 1.0035353535353535, 1.0045454545454546, 1.0055555555555555, 1.0065656565656567, 1.0075757575757576, 1.0085858585858587, 1.0095959595959596, 1.0106060606060605, 1.0116161616161616, 1.0126262626262625, 1.0136363636363637, 1.0146464646464646, 1.0156565656565657, 1.0166666666666666, 1.0176767676767677, 1.0186868686868686, 1.0196969696969698, 1.0207070707070707, 1.0217171717171718, 1.0227272727272727, 1.0237373737373738, 1.0247474747474747, 1.0257575757575759, 1.0267676767676768, 1.027777777777778, 1.0287878787878788, 1.02979797979798, 1.0308080808080808, 1.0318181818181817, 1.0328282828282829, 1.0338383838383838, 1.034848484848485, 1.0358585858585858, 1.036868686868687, 1.0378787878787878, 1.038888888888889, 1.0398989898989899, 1.040909090909091, 1.041919191919192, 1.042929292929293, 1.043939393939394, 1.044949494949495, 1.045959595959596, 1.046969696969697, 1.047979797979798, 1.0489898989898991, 1.05], "y": [2.777759369780552e-05, 2.6694631909403763e-05, 2.5600446819691285e-05, 2.4494682084275684e-05, 2.3376962093067e-05, 2.22468904797191e-05, 2.1104048479436834e-05, 1.9947993115860846e-05, 1.8778255194768653e-05, 1.7594337078821433e-05, 1.639571021342604e-05, 1.5181812368817942e-05, 1.395204455753704e-05, 1.2705767579346486e-05, 1.1442298137031708e-05, 1.0160904456084732e-05, 8.860801328556712e-06, 7.5411444857619654e-06, 6.20102418528991e-06, 4.8394578739401235e-06, 3.4553817584275772e-06, 2.0476410783009616e-06, 6.149788281754187e-07, -8.439773840168788e-07, -2.3307307337277453e-06, -3.846933323187077e-06, -5.394407695230599e-06, -6.975172515948826e-06, -8.591473458163435e-06, -1.0245820633990687e-05, -1.1941034358385548e-05, -1.3680301628551865e-05, -1.5467246555569234e-05, -1.7306019207366763e-05, -1.9201409111164116e-05, -2.1158992335641146e-05, -2.3185325157564254e-05, -2.528820372519541e-05, -2.747701948330441e-05, -2.976325742360639e-05, -3.21612142784743e-05, -3.4689068422761244e-05, -3.737053813596202e-05, -4.0237579807451706e-05, -4.3335055254209165e-05, -4.6729474127203724e-05, -5.05272450917146e-05, -5.491931065879404e-05, -6.032269487266571e-05, -6.817074452921177e-05, -6.817074452921177e-05, -6.032269487266571e-05, -5.491931065879345e-05, -5.05272450917146e-05, -4.6729474127203724e-05, -4.3335055254209165e-05, -4.023757980745134e-05, -3.737053813596202e-05, -3.468906842276093e-05, -3.21612142784743e-05, -2.9763257423606675e-05, -2.747701948330441e-05, -2.5288203725195675e-05, -2.3185325157564254e-05, -2.115899233564139e-05, -1.9201409111164116e-05, -1.7306019207367007e-05, -1.5467246555569234e-05, -1.3680301628552082e-05, -1.1941034358385548e-05, -1.0245820633990687e-05, -8.591473458163245e-06, -6.975172515948826e-06, -5.394407695230409e-06, -3.846933323187077e-06, -2.330730733727569e-06, -8.439773840168788e-07, 6.149788281755949e-07, 2.0476410783009616e-06, 3.45538175842774e-06, 4.8394578739401235e-06, 6.201024185289734e-06, 7.5411444857619654e-06, 8.86080132855655e-06, 1.0160904456084732e-05, 1.1442298137031572e-05, 1.2705767579346486e-05, 1.3952044557536905e-05, 1.5181812368817942e-05, 1.639571021342604e-05, 1.759433707882157e-05, 1.8778255194768653e-05, 1.9947993115860995e-05, 2.1104048479436834e-05, 2.2246890479719235e-05, 2.3376962093067e-05, 2.4494682084275833e-05, 2.5600446819691285e-05, 2.6694631909403898e-05, 2.777759369780552e-05], "metadata": {"calculation": "altschuler", "integration method": "square", "date": "2022-04-30 15:11:40.095270"}}