{"x": [0.95, 0.951010101010101, 0.952020202020202, 0.953030303030303, 0.954040404040404, 0.955050505050505, 0.956060606060606, 0.9570707070707071, 0.9580808080808081, 0.9590909090909091, 0.9601010101010101, 0.961111111111111, 0.962121212121212, 0.9631313131313131, 0.9641414141414141, 0.9651515151515151, 0.9661616161616161, 0.9671717171717171, 0.9681818181818181, 0.9691919191919192, 0.9702020202020202, 0.9712121212121212, 0.9722222222222222, 0.9732323232323232, 0.9742424242424242, 0.9752525252525253, 0.9762626262626263, 0.9772727272727273, 0.9782828282828283, 0.9792929292929293, 0.9803030303030302, 0.9813131313131312, 0.9823232323232323, 0.9833333333333333, 0.9843434343434343, 0.9853535353535353, 0.9863636363636363, 0.9873737373737373, 0.9883838383838384, 0.9893939393939394, 0.9904040404040404, 0.9914141414141414, 0.9924242424242424, 0.9934343434343434, 0.9944444444444445, 0.9954545454545455, 0.9964646464646465, 0.9974747474747475, 0.9984848484848485, 0.9994949494949494, 1.0005050505050506, 1.0015151515151515, 1.0025252525252526, 1.0035353535353535, 1.0045454545454546, 1.0055555555555555, 1.0065656565656567, 1.0075757575757576, 1.0085858585858587, 1.0095959595959596, 1.0106060606060605, 1.0116161616161616, 1.0126262626262625, 1.0136363636363637, 1.0146464646464646, 1.0156565656565657, 1.0166666666666666, 1.0176767676767677, 1.0186868686868686, 1.0196969696969698, 1.0207070707070707, 1.0217171717171718, 1.0227272727272727, 1.0237373737373738, 1.0247474747474747, 1.0257575757575759, 1.0267676767676768, 1.027777777777778, 1.0287878787878788, 1.02979797979798, 1.0308080808080808, 1.0318181818181817, 1.0328282828282829, 1.0338383838383838, 1.034848484848485, 1.0358585858585858, 1.036868686868687, 1.0378787878787878, 1.038888888888889, 1.0398989898989899, 1.040909090909091, 1.041919191919192, 1.042929292929293, 1.043939393939394, 1.044949494949495, 1.045959595959596, 1.046969696969697, 1.047979797979798, 1.0489898989898991, 1.05], "y": [1.3889142612880315e-05, 1.3347661718679437e-05, 1.2800569173823198e-05, 1.2247686806115398e-05, 1.1688826810511055e-05, 1.1123791003837105e-05, 1.0552370003695973e-05, 9.974342321907979e-06, 9.389473361361882e-06, 8.797514303388272e-06, 8.198200870690576e-06, 7.591251948386527e-06, 6.976368042746076e-06, 6.353229553650799e-06, 5.7214948324934095e-06, 5.080797992019921e-06, 4.430746428255912e-06, 3.7709180068585383e-06, 3.1008578566225106e-06, 2.4200747009476173e-06, 1.7280366431913442e-06, 1.0241663031280364e-06, 3.078351780652649e-07, -4.2164292803088387e-07, -1.165019602886317e-06, -1.923120897615983e-06, -2.696858083637744e-06, -3.4872404939968575e-06, -4.295390965104162e-06, -5.122564553017788e-06, -5.9701714152152186e-06, -6.839805050298377e-06, -7.733277513807062e-06, -8.652663839705826e-06, -9.600358791604503e-06, -1.0579150403843017e-05, -1.1592316814804571e-05, -1.264375609862015e-05, -1.3738163977674649e-05, -1.488128294782564e-05, -1.6080261375259593e-05, -1.7344188447403067e-05, -1.8684923304003453e-05, -2.0118444139748297e-05, -2.1667181863127027e-05, -2.3364391299624307e-05, -2.5263276781879746e-05, -2.7459309565419464e-05, -3.01610016723553e-05, -3.408502650062833e-05, -3.408502650062833e-05, -3.01610016723553e-05, -2.745930956541917e-05, -2.5263276781879746e-05, -2.3364391299624307e-05, -2.1667181863127027e-05, -2.0118444139748114e-05, -1.8684923304003453e-05, -1.734418844740291e-05, -1.6080261375259593e-05, -1.4881282947825782e-05, -1.3738163977674649e-05, -1.2643756098620282e-05, -1.1592316814804571e-05, -1.057915040384314e-05, -9.600358791604503e-06, -8.652663839705948e-06, -7.733277513807062e-06, -6.8398050502984856e-06, -5.9701714152152186e-06, -5.122564553017788e-06, -4.295390965104067e-06, -3.4872404939968575e-06, -2.696858083637649e-06, -1.923120897615983e-06, -1.165019602886229e-06, -4.2164292803088387e-07, 3.07835178065353e-07, 1.0241663031280364e-06, 1.7280366431914255e-06, 2.4200747009476173e-06, 3.1008578566224225e-06, 3.7709180068585383e-06, 4.43074642825583e-06, 5.080797992019921e-06, 5.721494832493342e-06, 6.353229553650799e-06, 6.976368042746008e-06, 7.591251948386527e-06, 8.198200870690576e-06, 8.79751430338834e-06, 9.389473361361882e-06, 9.974342321908053e-06, 1.0552370003695973e-05, 1.1123791003837173e-05, 1.1688826810511055e-05, 1.2247686806115472e-05, 1.2800569173823198e-05, 1.3347661718679505e-05, 1.3889142612880315e-05], "metadata": {"calculation": "altschuler", "integration method": "square", "date": "2022-05-01 16:10:49.581513"}}