{"x": [0.95, 0.951010101010101, 0.952020202020202, 0.953030303030303, 0.954040404040404, 0.955050505050505, 0.956060606060606, 0.9570707070707071, 0.9580808080808081, 0.9590909090909091, 0.9601010101010101, 0.961111111111111, 0.962121212121212, 0.9631313131313131, 0.9641414141414141, 0.9651515151515151, 0.9661616161616161, 0.9671717171717171, 0.9681818181818181, 0.9691919191919192, 0.9702020202020202, 0.9712121212121212, 0.9722222222222222, 0.9732323232323232, 0.9742424242424242, 0.9752525252525253, 0.9762626262626263, 0.9772727272727273, 0.9782828282828283, 0.9792929292929293, 0.9803030303030302, 0.9813131313131312, 0.9823232323232323, 0.9833333333333333, 0.9843434343434343, 0.9853535353535353, 0.9863636363636363, 0.9873737373737373, 0.9883838383838384, 0.9893939393939394, 0.9904040404040404, 0.9914141414141414, 0.9924242424242424, 0.9934343434343434, 0.9944444444444445, 0.9954545454545455, 0.9964646464646465, 0.9974747474747475, 0.9984848484848485, 0.9994949494949494, 1.0005050505050506, 1.0015151515151515, 1.0025252525252526, 1.0035353535353535, 1.0045454545454546, 1.0055555555555555, 1.0065656565656567, 1.0075757575757576, 1.0085858585858587, 1.0095959595959596, 1.0106060606060605, 1.0116161616161616, 1.0126262626262625, 1.0136363636363637, 1.0146464646464646, 1.0156565656565657, 1.0166666666666666, 1.0176767676767677, 1.0186868686868686, 1.0196969696969698, 1.0207070707070707, 1.0217171717171718, 1.0227272727272727, 1.0237373737373738, 1.0247474747474747, 1.0257575757575759, 1.0267676767676768, 1.027777777777778, 1.0287878787878788, 1.02979797979798, 1.0308080808080808, 1.0318181818181817, 1.0328282828282829, 1.0338383838383838, 1.034848484848485, 1.0358585858585858, 1.036868686868687, 1.0378787878787878, 1.038888888888889, 1.0398989898989899, 1.040909090909091, 1.041919191919192, 1.042929292929293, 1.043939393939394, 1.044949494949495, 1.045959595959596, 1.046969696969697, 1.047979797979798, 1.0489898989898991, 1.05], "y": [0.037947792931102224, 0.037841608397999334, 0.0377298849412306, 0.0376121274956765, 0.03748778426564422, 0.03735623870797967, 0.0372168001589912, 0.03706869283311835, 0.03691104286204393, 0.03674286296401593, 0.03656303423398632, 0.036370284418545805, 0.03616316187721792, 0.03594000422160229, 0.03569890035138977, 0.035437644250452136, 0.03515367843439068, 0.03484402432091389, 0.03450519596032867, 0.03413309244378956, 0.033722862792552204, 0.033268735057008766, 0.032763798513652714, 0.032199723913324055, 0.03156640127923728, 0.030851467159249447, 0.030039682695565884, 0.02911210936663373, 0.028045009715405213, 0.02680837528445412, 0.02536395507593793, 0.023662633784746676, 0.0216410168592621, 0.019217191256005926, 0.016286018662846024, 0.012715338401427918, 0.008346664403702964, 0.0030075789027615182, -0.0034541217338309193, -0.011109909780519034, -0.01988070260281101, -0.029499906018872982, -0.03954299977884564, -0.04950952998687657, -0.058909134262160476, -0.0673165806475877, -0.0743926068136621, -0.07988366146841341, -0.08361330915565432, -0.08547266219180354, -0.08541302027565453, -0.08344178013209788, -0.07962184908999563, -0.07407450805755177, -0.06698539486296703, -0.058612514765068006, -0.04929325431703395, -0.03944360584601658, -0.029537998397666482, -0.020057862516446825, -0.011411671393392987, -0.0038580378260085276, 0.002523442689802835, 0.007798972068879475, 0.012114835001767405, 0.015638930020542768, 0.01852688018126409, 0.020909204959100498, 0.022890151394553516, 0.024551163595959498, 0.02595539556566251, 0.027151843245700726, 0.02817870190284886, 0.029065957312058754, 0.02983734108523878, 0.030511794149481155, 0.031104561488660195, 0.03162801403936678, 0.03209226942065913, 0.03250566410385366, 0.03287511536944461, 0.03320640098565041, 0.03350437702679309, 0.03377314882868388, 0.034016206170952815, 0.034236530942208125, 0.03443668347910226, 0.03461887225940305, 0.03478501051031417, 0.0349367624607983, 0.035075581346864844, 0.03520274080810658, 0.03531936095673186, 0.03542643012799554, 0.03552482311199799, 0.03561531650281942, 0.035698601674767315, 0.035775295797264815, 0.03584595121983573, 0.035911063497095885], "errors": [null, null, null, null, null, null, null, null, null, null, null, null, null, null, null, null, null, null, null, null, null, null, null, null, null, null, null, null, null, null, null, null, null, null, null, null, null, null, null, null, null, null, null, null, null, null, null, null, null, null, null, null, null, null, null, null, null, null, null, null, null, null, null, null, null, null, null, null, null, null, null, null, null, null, null, null, null, null, null, null, null, null, null, null, null, null, null, null, null, null, null, null, null, null, null, null, null, null, null, null], "metadata": {"calculation": "density", "integration method": "square", "date": "2022-04-30 15:01:37.315014"}}