{"x": [0.95, 0.951010101010101, 0.952020202020202, 0.953030303030303, 0.954040404040404, 0.955050505050505, 0.956060606060606, 0.9570707070707071, 0.9580808080808081, 0.9590909090909091, 0.9601010101010101, 0.961111111111111, 0.962121212121212, 0.9631313131313131, 0.9641414141414141, 0.9651515151515151, 0.9661616161616161, 0.9671717171717171, 0.9681818181818181, 0.9691919191919192, 0.9702020202020202, 0.9712121212121212, 0.9722222222222222, 0.9732323232323232, 0.9742424242424242, 0.9752525252525253, 0.9762626262626263, 0.9772727272727273, 0.9782828282828283, 0.9792929292929293, 0.9803030303030302, 0.9813131313131312, 0.9823232323232323, 0.9833333333333333, 0.9843434343434343, 0.9853535353535353, 0.9863636363636363, 0.9873737373737373, 0.9883838383838384, 0.9893939393939394, 0.9904040404040404, 0.9914141414141414, 0.9924242424242424, 0.9934343434343434, 0.9944444444444445, 0.9954545454545455, 0.9964646464646465, 0.9974747474747475, 0.9984848484848485, 0.9994949494949494, 1.0005050505050506, 1.0015151515151515, 1.0025252525252526, 1.0035353535353535, 1.0045454545454546, 1.0055555555555555, 1.0065656565656567, 1.0075757575757576, 1.0085858585858587, 1.0095959595959596, 1.0106060606060605, 1.0116161616161616, 1.0126262626262625, 1.0136363636363637, 1.0146464646464646, 1.0156565656565657, 1.0166666666666666, 1.0176767676767677, 1.0186868686868686, 1.0196969696969698, 1.0207070707070707, 1.0217171717171718, 1.0227272727272727, 1.0237373737373738, 1.0247474747474747, 1.0257575757575759, 1.0267676767676768, 1.027777777777778, 1.0287878787878788, 1.02979797979798, 1.0308080808080808, 1.0318181818181817, 1.0328282828282829, 1.0338383838383838, 1.034848484848485, 1.0358585858585858, 1.036868686868687, 1.0378787878787878, 1.038888888888889, 1.0398989898989899, 1.040909090909091, 1.041919191919192, 1.042929292929293, 1.043939393939394, 1.044949494949495, 1.045959595959596, 1.046969696969697, 1.047979797979798, 1.0489898989898991, 1.05], "y": [-0.002007394268761006, -0.0020925620109386307, -0.0021832780053077294, -0.002280037320419467, -0.0023833917559495468, -0.0024939578586045284, -0.002612426295727971, -0.002739572856531029, -0.0028762714129796562, -0.0030235092504286533, -0.003182405277477331, -0.003354231751052564, -0.0035404403151982193, -0.003742693361904954, -0.003962901994891887, -0.004203272233915314, -0.004466361566755031, -0.00475514857906534, -0.005073119224134434, -0.005424374414082, -0.005813765131188732, -0.006247063328339091, -0.006731179732451755, -0.007274443595973934, -0.007886964899040935, -0.008581107097140682, -0.009372109051282367, -0.0102789092863169, -0.011325245262563854, -0.012541125440638208, -0.013964800821614085, -0.015645386713783963, -0.017646277671998663, -0.020049386742861917, -0.02295985224167055, -0.02650983484984165, -0.03085782063853296, -0.036176227377774754, -0.04261725870305139, -0.05025238689189572, -0.05900252931279525, -0.06860109178701461, -0.07862355406760305, -0.08856946226164371, -0.0979484539914614, -0.10633529730284665, -0.11339072986900961, -0.11886120040110941, -0.12257027344582634, -0.12440906132234109, -0.12432886373252407, -0.12233707740379011, -0.11849660966802888, -0.11292874143622078, -0.10581911053937439, -0.09742572223888966, -0.08808596309098461, -0.07821582542533283, -0.06828973829031035, -0.0587891322332528, -0.050122480447681125, -0.04254839573373696, -0.03614647359015842, -0.03085051210466624, -0.026514226589212722, -0.02296971851446496, -0.020061364826779466, -0.01765864605352945, -0.015657315157027785, -0.013975928031089782, -0.012551330676168159, -0.011334527152584237, -0.010287322196067886, -0.009379730034049287, -0.008588019057152726, -0.007893248340677044, -0.0072801729030667305, -0.0067364218101577085, -0.006251877445404096, -0.005818203339635125, -0.005428482214764711, -0.0050769363048462, -0.004758709537972882, -0.004469696580547938, -0.0042064076550836545, -0.00396586087541501, -0.003745495907129093, -0.0035431042744746726, -0.0033567727525626446, -0.0031848371146628923, -0.003025844126838612, -0.0028785201516252443, -0.002741745079042254, -0.0026145305758888417, -0.0024960018541480954, -0.0023853823218945025, -0.0022819806067652633, -0.0021851795413932906, -0.002094426778470108, -0.00200922676516401], "errors": [null, null, null, null, null, null, null, null, null, null, null, null, null, null, null, null, null, null, null, null, null, null, null, null, null, null, null, null, null, null, null, null, null, null, null, null, null, null, null, null, null, null, null, null, null, null, null, null, null, null, null, null, null, null, null, null, null, null, null, null, null, null, null, null, null, null, null, null, null, null, null, null, null, null, null, null, null, null, null, null, null, null, null, null, null, null, null, null, null, null, null, null, null, null, null, null, null, null, null, null], "metadata": {"calculation": "density", "integration method": "square", "date": "2022-04-30 15:04:15.655028"}}