{"x": [0.01, 0.025050505050505052, 0.0401010101010101, 0.05515151515151515, 0.0702020202020202, 0.08525252525252525, 0.1003030303030303, 0.11535353535353535, 0.1304040404040404, 0.14545454545454545, 0.1605050505050505, 0.17555555555555558, 0.1906060606060606, 0.20565656565656565, 0.2207070707070707, 0.23575757575757578, 0.2508080808080808, 0.26585858585858585, 0.2809090909090909, 0.295959595959596, 0.311010101010101, 0.32606060606060605, 0.34111111111111114, 0.3561616161616162, 0.3712121212121212, 0.38626262626262625, 0.4013131313131313, 0.4163636363636364, 0.4314141414141414, 0.44646464646464645, 0.46151515151515154, 0.4765656565656566, 0.4916161616161616, 0.5066666666666666, 0.5217171717171717, 0.5367676767676768, 0.5518181818181818, 0.5668686868686869, 0.581919191919192, 0.5969696969696969, 0.612020202020202, 0.6270707070707071, 0.6421212121212121, 0.6571717171717172, 0.6722222222222223, 0.6872727272727273, 0.7023232323232323, 0.7173737373737373, 0.7324242424242424, 0.7474747474747475, 0.7625252525252525, 0.7775757575757576, 0.7926262626262626, 0.8076767676767677, 0.8227272727272728, 0.8377777777777777, 0.8528282828282828, 0.8678787878787879, 0.8829292929292929, 0.897979797979798, 0.9130303030303031, 0.9280808080808081, 0.9431313131313132, 0.9581818181818181, 0.9732323232323232, 0.9882828282828283, 1.0033333333333332, 1.0183838383838384, 1.0334343434343434, 1.0484848484848486, 1.0635353535353536, 1.0785858585858585, 1.0936363636363635, 1.1086868686868687, 1.1237373737373737, 1.1387878787878787, 1.1538383838383839, 1.1688888888888889, 1.1839393939393938, 1.198989898989899, 1.214040404040404, 1.229090909090909, 1.2441414141414142, 1.2591919191919192, 1.2742424242424242, 1.2892929292929294, 1.3043434343434344, 1.3193939393939393, 1.3344444444444445, 1.3494949494949495, 1.3645454545454545, 1.3795959595959595, 1.3946464646464647, 1.4096969696969697, 1.4247474747474747, 1.4397979797979799, 1.4548484848484848, 1.4698989898989898, 1.484949494949495, 1.5], "y": [2.4978264857468947e-19, 2.483363733642203e-19, 2.4689873981931764e-19, 2.4546976480755966e-19, 2.440494635173635e-19, 2.4263784947161207e-19, 2.4123493454146673e-19, 2.3984072896045504e-19, 2.3845524133883743e-19, 2.3707847867835764e-19, 2.3571044638736284e-19, 2.3435114829636153e-19, 2.330005866740282e-19, 2.316587622436881e-19, 2.3032567420028986e-19, 2.290013202278854e-19, 2.2768569651765405e-19, 2.2637879778629374e-19, 2.2508061729531584e-19, 2.237911468703542e-19, 2.2251037692137807e-19, 2.2123829646325798e-19, 2.199748931368641e-19, 2.1872015323065676e-19, 2.174740617027494e-19, 2.1623660220343664e-19, 2.1500775709816928e-19, 2.1378750749095499e-19, 2.1257583324815453e-19, 2.1137271302268113e-19, 2.1017812427854376e-19, 2.0899204331573915e-19, 2.0781444529545336e-19, 2.066453042655534e-19, 2.0548459318634258e-19, 2.0433228395655139e-19, 2.0318834743954007e-19, 2.0205275348968638e-19, 2.0092547097892787e-19, 1.9980646782343937e-19, 1.986957110104079e-19, 1.9759316662489143e-19, 1.9649879987672486e-19, 1.9541257512745164e-19, 1.9433445591725344e-19, 1.932644049918589e-19, 1.9220238432939276e-19, 1.911483551671578e-19, 1.901022780283152e-19, 1.890641127484418e-19, 1.880338185019451e-19, 1.8701135382831164e-19, 1.8599667665817191e-19, 1.8498974433915384e-19, 1.839905136615138e-19, 1.8299894088352327e-19, 1.8201498175659147e-19, 1.810385915501134e-19, 1.8006972507601875e-19, 1.7910833671301453e-19, 1.7815438043050316e-19, 1.7720780981216297e-19, 1.7626857807917968e-19, 1.7533663811311703e-19, 1.7441194247841033e-19, 1.7349444344451829e-19, 1.7258409300757862e-19, 1.716808429118072e-19, 1.7078464467038814e-19, 1.698954495859888e-19, 1.6901320877084077e-19, 1.6813787316643348e-19, 1.6726939356272674e-19, 1.6640772061697463e-19, 1.6555280487209326e-19, 1.6470459677460114e-19, 1.63863046692117e-19, 1.6302810493042082e-19, 1.6219972175007193e-19, 1.613778473825914e-19, 1.6056243204620429e-19, 1.597534259611424e-19, 1.5895077936451452e-19, 1.5815444252473994e-19, 1.5736436575555484e-19, 1.565804994295868e-19, 1.5580279399150698e-19, 1.550311999707596e-19, 1.5426566799389217e-19, 1.535061487964255e-19, 1.5275259323438594e-19, 1.5200495229538153e-19, 1.512631771092983e-19, 1.5052721895862103e-19, 1.4979702928834015e-19, 1.4907255971550541e-19, 1.4835376203839086e-19, 1.4764058824530148e-19, 1.4693299052301673e-19, 1.4623092126488074e-19], "error": [8.605600395668439e-31, 5.2152928376402605e-31, 2.7404410822281284e-31, 9.631491490580665e-31, 6.917831337110919e-31, 7.458664561229329e-31, 8.00582225316692e-31, 5.185717963361046e-31, 1.7647628048825815e-31, 5.377083895777825e-31, 5.52194840085855e-31, 4.681093101356501e-31, 7.070013950365144e-31, 3.9147856342631204e-31, 4.745656218006655e-31, 8.971242025138005e-31, 8.835223644261999e-31, 5.840828716083646e-31, 5.393828767091167e-32, 5.099500398336715e-31, 3.146393440185957e-31, 7.3602313449483455e-31, 6.169841794902145e-31, 3.4398501756433555e-31, 6.913200608743698e-31, 8.476320751786338e-31, 5.184921595637711e-31, 6.244553227863859e-31, 8.730403624559517e-31, 6.491311175331405e-31, 6.493031935557695e-31, 3.723055743633539e-31, 4.921144251118726e-31, 8.194616160519648e-31, 8.881902270111846e-31, 3.224008921041208e-31, 8.6084156653018e-31, 5.129863658943077e-31, 6.785500545988269e-31, 6.8043741954689196e-31, 1.6219235002307904e-31, 2.062115358001605e-31, 1.9143086527351203e-31, 4.352422747016794e-31, 4.667469531930743e-31, 7.232668281172613e-31, 6.95133907408032e-31, 4.1583260525145544e-31, 7.347404051518415e-31, 3.245737124801807e-31, 1.8137101370466507e-31, 6.958473445778105e-31, 9.81619691504608e-31, 8.595426537119989e-31, 2.157094778314497e-31, 6.126722284500888e-31, 8.097100132096822e-31, 7.907759638893176e-31, 8.24925231409044e-31, 9.237545568618724e-31, 7.660443638055357e-31, 3.8906931402608054e-31, 8.277075120817822e-31, 3.569071031310842e-31, 8.776429612808591e-31, 7.2691587776264875e-31, 7.8311409545106545e-31, 5.941510701681634e-31, 7.027645765561843e-31, 3.8477767133271315e-31, 3.7411069917564595e-31, 8.211120541086906e-31, 3.8002381957660957e-31, 3.3295229810662257e-31, 5.672146944335927e-31, 7.806859137647364e-31, 8.510435838521413e-31, 6.6919919686544724e-31, 6.8077339091019085e-31, 7.037480179558785e-31, 5.9725594822527826e-31, 3.438036625372069e-31, 9.719654702600352e-31, 6.9547620417586e-31, 7.859864097618058e-31, 7.840420141681811e-31, 8.799648829494316e-31, 9.87877154753087e-31, 3.5570358762477634e-31, 4.790475589576218e-31, 5.172058858921953e-31, 6.475900793995436e-31, 9.312161557575353e-31, 8.058335749455022e-31, 6.433423241239292e-31, 6.7912969318708675e-31, 5.000134037140195e-31, 2.103982969336224e-31, 2.2582757844158615e-31, 3.4486529079089093e-31]}