{"x": [0.01, 0.17555555555555558, 0.34111111111111114, 0.5066666666666667, 0.6722222222222223, 0.8377777777777778, 1.0033333333333334, 1.1688888888888889, 1.3344444444444445, 1.5], "y": [6.348456897341755e-19, 2.9855482510398882e-21, 6.598859477792437e-22, 2.828484851330173e-22, 1.5637008038075615e-22, 9.906597154725819e-23, 6.83384238122342e-23, 4.9971507257053793e-23, 3.8125265549980596e-23, 3.004191868329527e-23], "error": [1.6037837632416237e-26, 7.389012088914537e-29, 1.626608702413967e-29, 7.270736323630093e-30, 4.167928561677493e-30, 2.582791584463424e-30, 1.7115958310359503e-30, 1.3069341792886815e-30, 9.9552074517278e-31, 9.87447748097805e-31]}