{"x": [0.01, 0.17555555555555558, 0.34111111111111114, 0.5066666666666667, 0.6722222222222223, 0.8377777777777778, 1.0033333333333334, 1.1688888888888889, 1.3344444444444445, 1.5], "y": [2.5117675156806943e-19, 2.355705711800748e-19, 2.210445411408635e-19, 2.0758569976137963e-19, 1.9516296333500055e-19, 1.8373046945721186e-19, 1.7323152782227077e-19, 1.63602599089495e-19, 1.547768651342088e-19, 1.4668714229886024e-19], "error": [0, 0, 0, 0, 0, 0, 0, 0, 0, 0], "calc": "selfenergy"}