{"x": [0.01, 0.17555555555555558, 0.34111111111111114, 0.5066666666666667, 0.6722222222222223, 0.8377777777777778, 1.0033333333333334, 1.1688888888888889, 1.3344444444444445, 1.5], "y": [4.3077833542436757e-19, 7.295023826524374e-22, 1.118720926031199e-22, 3.8924582855236073e-23, 1.858323963406646e-23, 1.0512560162273741e-23, 6.612672059667616e-24, 4.473211668304932e-24, 3.190500838480884e-24, 2.3691890852753167e-24], "error": [1.185746658510069e-26, 1.9617261171663858e-29, 2.9177937398992092e-30, 1.0041425628128097e-30, 9.9788943539027e-31, 9.931746219958232e-31, 9.734516108802369e-31, 9.996358617847036e-31, 9.995914909699336e-31, 9.991639236305049e-31], "calc": "selfenergy"}